GEO2_MX,absolute_change
484001001,437.0
484001002,160.0
484001003,2010.0
484001004,-1434.0
484001005,-1308.0
484001006,1851.0
484001007,-4062.0
484001008,-415.0
484002001,0.0
484002002,0.0
484002003,0.0
484002004,0.0
484003001,0.0
484004001,0.0
484004002,0.0
484004003,0.0
484004004,25.0
484004005,21.0
484004006,19.0
484005001,47.0
484005002,0.0
484005003,219.0
484005004,924.0
484005005,0.0
484005006,0.0
484005007,0.0
484005008,77.0
484005009,0.0
484005010,-2245.0
484005011,0.0
484005012,0.0
484005013,37.0
484005014,442.0
484005015,-69.0
484005016,61.0
484005017,2019.0
484005018,-9758.0
484005019,203.0
484005020,0.0
484005021,44.0
484005022,-324.0
484005023,0.0
484005024,0.0
484005025,-1130.0
484005026,0.0
484005027,0.0
484005028,-1786.0
484005029,10.0
484005030,0.0
484005031,0.0
484005032,-167.0
484005033,0.0
484005034,0.0
484005035,0.0
484005036,0.0
484005037,0.0
484005038,0.0
484006001,0.0
484006002,-4847.0
484006003,-303.0
484006004,-888.0
484006005,-176.0
484006006,83.0
484006007,157.0
484006008,0.0
484006009,-6818.0
484007001,-72.0
484007002,79.0
484007003,-437.0
484007004,-61.0
484007005,0.0
484007006,3096.0
484007007,-101.0
484007008,1490.0
484007009,0.0
484007010,-370.0
484007011,1099.0
484007012,0.0
484007013,0.0
484007014,44.0
484007015,1073.0
484007016,200.0
484007017,0.0
484007018,0.0
484007019,1839.0
484007020,530.0
484007021,0.0
484007022,3.0
484007023,2263.0
484007024,-336.0
484007025,0.0
484007026,49.0
484007027,254.0
484007028,59.0
484007029,0.0
484007030,430.0
484007031,-1823.0
484007032,284.0
484007033,0.0
484007034,477.0
484007035,0.0
484007036,-19.0
484007037,343.0
484007038,-271.0
484007039,68.0
484007040,466.0
484007041,2175.0
484007042,0.0
484007043,0.0
484007044,-69.0
484007045,0.0
484007046,0.0
484007047,-287.0
484007048,0.0
484007049,38.0
484007050,50.0
484007051,-2021.0
484007052,0.0
484007053,-315.0
484007054,0.0
484007055,0.0
484007056,109.0
484007057,-925.0
484007058,-173.0
484007059,0.0
484007060,0.0
484007061,0.0
484007062,0.0
484007063,0.0
484007064,-107.0
484007065,0.0
484007066,34.0
484007067,0.0
484007068,0.0
484007069,-2688.0
484007070,-113.0
484007071,1054.0
484007072,0.0
484007073,0.0
484007074,0.0
484007075,-183.0
484007076,114.0
484007077,-34.0
484007078,-1670.0
484007079,0.0
484007080,1550.0
484007081,69.0
484007082,0.0
484007083,-151.0
484007084,0.0
484007085,0.0
484007086,0.0
484007087,0.0
484007088,0.0
484007089,2238.0
484007090,0.0
484007091,0.0
484007092,0.0
484007093,115.0
484007094,-137.0
484007095,113.0
484007096,0.0
484007097,-91.0
484007098,3538.0
484007099,-11.0
484007100,0.0
484007101,0.0
484007102,230.0
484007103,1069.0
484007104,375.0
484007105,-689.0
484007106,30.0
484007107,0.0
484007108,-224.0
484007109,-365.0
484007110,-407.0
484008001,0.0
484008002,0.0
484008003,0.0
484008004,0.0
484008005,0.0
484008006,0.0
484008007,0.0
484008008,226.0
484008009,0.0
484008010,0.0
484008011,0.0
484008012,0.0
484008013,148.0
484008014,0.0
484008015,-60.0
484008016,0.0
484008017,642.0
484008018,0.0
484008019,0.0
484008020,815.0
484008021,290.0
484008022,0.0
484008023,301.0
484008024,0.0
484008025,243.0
484008026,0.0
484008027,0.0
484008028,21.0
484008029,0.0
484008030,-2694.0
484008031,26.0
484008032,0.0
484008033,0.0
484008034,0.0
484008035,0.0
484008036,0.0
484008037,279.0
484008038,0.0
484008039,4.0
484008040,0.0
484008041,0.0
484008042,-50.0
484008043,906.0
484008044,0.0
484008045,0.0
484008046,0.0
484008047,68.0
484008048,0.0
484008049,0.0
484008050,0.0
484008051,0.0
484008052,0.0
484008053,0.0
484008054,215.0
484008055,122.0
484008056,41.0
484008057,150.0
484008058,105.0
484008059,0.0
484008060,0.0
484008061,0.0
484008062,146.0
484008063,0.0
484008064,0.0
484008065,294.0
484009001,-8184.0
484009002,6918.0
484009003,-637.0
484009004,-519.0
484009005,1163.0
484009006,-4263.0
484010001,0.0
484010002,154.0
484010003,-523.0
484010004,0.0
484010005,0.0
484010006,0.0
484010007,2549.0
484010008,2048.0
484010009,0.0
484010010,0.0
484010011,0.0
484010012,1292.0
484010013,0.0
484010014,0.0
484010015,455.0
484010016,1325.0
484010017,0.0
484010018,0.0
484010019,0.0
484010020,1008.0
484010021,-914.0
484010022,1377.0
484010023,0.0
484010024,407.0
484010025,0.0
484010026,0.0
484010027,0.0
484010028,220.0
484010029,105.0
484010030,228.0
484010031,-895.0
484010032,0.0
484010033,-1157.0
484010034,0.0
484010035,0.0
484010036,0.0
484010037,256.0
484010038,-781.0
484011001,7477.0
484011002,8218.0
484011003,6764.0
484011004,9890.0
484011005,6531.0
484011006,-122.0
484011007,8538.0
484011008,7943.0
484011009,8764.0
484011010,61.0
484011011,3386.0
484011012,2254.0
484011013,2045.0
484011014,29034.0
484011015,-1234.0
484011016,3278.0
484011017,11292.0
484011018,1604.0
484011019,16690.0
484011020,40609.0
484011021,493.0
484011022,-1119.0
484011023,77.0
484011024,1493.0
484011025,1252.0
484011026,2369.0
484011027,7637.0
484011028,1389.0
484011029,9290.0
484011030,0.0
484011031,5186.0
484011032,955.0
484011033,9694.0
484011034,-1293.0
484011035,3084.0
484011036,608.0
484011037,13218.0
484011038,-861.0
484011039,2672.0
484011040,-1460.0
484011041,-2680.0
484011042,8452.0
484011043,6.0
484011044,1469.0
484011045,792.0
484011046,3583.0
484012001,3501.0
484012002,1365.0
484012003,-4461.0
484012004,-1046.0
484012005,442.0
484012006,-2310.0
484012007,-1406.0
484012008,36.0
484012009,430.0
484012010,-831.0
484012011,3346.0
484012012,2516.0
484012013,815.0
484012014,599.0
484012015,-670.0
484012016,-191.0
484012017,441.0
484012018,149.0
484012019,440.0
484012020,-554.0
484012021,241.0
484012022,0.0
484012023,-284.0
484012024,-1035.0
484012025,207.0
484012026,-817.0
484012027,383.0
484012028,7048.0
484012029,-5276.0
484012030,-929.0
484012031,-1781.0
484012032,-987.0
484012033,312.0
484012034,2368.0
484012035,2225.0
484012036,367.0
484012037,342.0
484012038,0.0
484012039,-1225.0
484012040,516.0
484012041,-917.0
484012042,1746.0
484012043,-1963.0
484012044,-508.0
484012045,-1906.0
484012046,3306.0
484012047,-775.0
484012048,-220.0
484012049,-253.0
484012050,-2141.0
484012051,-866.0
484012052,165.0
484012053,-341.0
484012054,-4984.0
484012055,2802.0
484012056,-670.0
484012057,2317.0
484012058,428.0
484012059,843.0
484012060,1356.0
484012061,-480.0
484012062,-2480.0
484012063,132.0
484012064,-200.0
484012065,1236.0
484012066,-280.0
484012067,-323.0
484012068,-4537.0
484012069,-1425.0
484012070,1156.0
484012071,-1090.0
484012072,331.0
484012073,1033.0
484012074,-475.0
484013001,2213.0
484013002,291.0
484013003,1463.0
484013004,893.0
484013005,-190.0
484013006,2222.0
484013007,-26.0
484013008,230.0
484013009,-345.0
484013010,83.0
484013011,66.0
484013012,1977.0
484013013,-525.0
484013014,527.0
484013015,2181.0
484013016,1712.0
484013017,621.0
484013018,2578.0
484013019,2005.0
484013020,407.0
484013021,-814.0
484013022,464.0
484013023,2269.0
484013024,2021.0
484013025,678.0
484013026,165.0
484013027,786.0
484013028,1806.0
484013029,112.0
484013030,9304.0
484013031,739.0
484013032,412.0
484013033,250.0
484013034,443.0
484013035,936.0
484013036,978.0
484013037,3183.0
484013038,277.0
484013039,479.0
484013040,363.0
484013041,160.0
484013042,615.0
484013043,1907.0
484013044,452.0
484013045,570.0
484013046,44.0
484013047,859.0
484013048,-9805.0
484013049,2379.0
484013050,-1335.0
484013051,-659.0
484013052,1079.0
484013053,800.0
484013054,1267.0
484013055,438.0
484013056,-695.0
484013057,4254.0
484013058,2514.0
484013059,2361.0
484013060,-843.0
484013061,2054.0
484013062,1152.0
484013063,337.0
484013064,247.0
484013065,-1037.0
484013066,1694.0
484013067,1922.0
484013068,932.0
484013069,2284.0
484013070,-788.0
484013071,2057.0
484013072,425.0
484013073,-488.0
484013074,-1121.0
484013075,1935.0
484013076,31.0
484013077,226.0
484013078,437.0
484013079,1693.0
484013080,96.0
484013081,550.0
484013082,4354.0
484014001,-315.0
484014002,472.0
484014003,-793.0
484014004,-387.0
484014005,-786.0
484014006,1518.0
484014007,18.0
484014008,1837.0
484014009,-359.0
484014010,-658.0
484014011,-26.0
484014012,118.0
484014013,-4497.0
484014014,-591.0
484014015,-2048.0
484014016,-1800.0
484014017,-510.0
484014018,547.0
484014019,102.0
484014020,0.0
484014021,882.0
484014022,-249.0
484014023,-1563.0
484014024,451.0
484014025,-559.0
484014026,-1052.0
484014027,522.0
484014028,287.0
484014029,-52.0
484014030,-2640.0
484014031,-117.0
484014032,235.0
484014033,76.0
484014034,-141.0
484014035,-432.0
484014036,-67.0
484014037,-1856.0
484014038,112.0
484014039,7978.0
484014040,-161.0
484014041,261.0
484014042,0.0
484014043,1063.0
484014044,-473.0
484014045,-698.0
484014046,-1736.0
484014047,236.0
484014048,1202.0
484014049,-416.0
484014050,-3413.0
484014051,-981.0
484014052,81.0
484014053,12650.0
484014054,72.0
484014055,-850.0
484014056,181.0
484014057,-799.0
484014058,1013.0
484014059,90.0
484014060,210.0
484014061,0.0
484014062,214.0
484014063,-4524.0
484014064,-3693.0
484014065,596.0
484014066,700.0
484014067,-1391.0
484014068,1491.0
484014069,-369.0
484014070,2751.0
484014071,255.0
484014072,-1889.0
484014073,-4769.0
484014074,-1268.0
484014075,-639.0
484014076,91.0
484014077,-427.0
484014078,-747.0
484014079,-826.0
484014080,475.0
484014081,-217.0
484014082,-201.0
484014083,-2397.0
484014084,0.0
484014085,76.0
484014086,-1477.0
484014087,-2007.0
484014088,-668.0
484014089,9.0
484014090,-206.0
484014091,-1135.0
484014092,160.0
484014093,-4213.0
484014094,-8950.0
484014095,-1684.0
484014096,-421.0
484014097,-2510.0
484014098,12753.0
484014099,-2207.0
484014100,0.0
484014101,3827.0
484014102,-124.0
484014103,-1084.0
484014104,-243.0
484014105,-949.0
484014106,-202.0
484014107,-79.0
484014108,-2241.0
484014109,712.0
484014110,-402.0
484014111,-827.0
484014112,-436.0
484014113,-674.0
484014114,-250.0
484014115,-1044.0
484014116,-4072.0
484014117,5.0
484014118,331.0
484014119,-1596.0
484014120,5071.0
484014121,-2422.0
484014122,174.0
484014123,-494.0
484014124,-1352.0
484015001,-95.0
484015002,2172.0
484015003,-1246.0
484015004,-1155.0
484015005,346.0
484015006,355.0
484015007,192.0
484015008,616.0
484015009,-954.0
484015010,-490.0
484015011,19117.0
484015012,200.0
484015013,1749.0
484015014,-1868.0
484015015,719.0
484015016,-1001.0
484015017,207.0
484015018,-94.0
484015019,-556.0
484015020,2224.0
484015021,4825.0
484015022,61.0
484015023,-393.0
484015024,-2133.0
484015025,4300.0
484015026,-146.0
484015027,85.0
484015028,101.0
484015029,2232.0
484015030,-530.0
484015031,-1379.0
484015032,348.0
484015033,-2866.0
484015034,-1807.0
484015035,-4346.0
484015036,100.0
484015037,7632.0
484015038,821.0
484015039,181.0
484015040,898.0
484015041,-699.0
484015042,-513.0
484015043,472.0
484015044,-718.0
484015045,-1223.0
484015046,1603.0
484015047,786.0
484015048,-352.0
484015049,-1976.0
484015050,931.0
484015051,-54.0
484015052,154.0
484015053,-73.0
484015054,-60.0
484015055,1650.0
484015056,-873.0
484015057,-217.0
484015058,-322.0
484015059,-806.0
484015060,-553.0
484015061,1504.0
484015062,-422.0
484015063,234.0
484015064,-2214.0
484015065,1015.0
484015066,-77.0
484015067,4564.0
484015068,66.0
484015069,87.0
484015070,710.0
484015071,6043.0
484015072,-806.0
484015073,295.0
484015074,221.0
484015075,373.0
484015076,86.0
484015077,119.0
484015078,429.0
484015079,7756.0
484015080,111.0
484015081,76.0
484015082,-868.0
484015083,691.0
484015084,-3277.0
484015085,-436.0
484015086,110.0
484015087,3215.0
484015088,127.0
484015089,-781.0
484015090,-1334.0
484015091,197.0
484015092,-1023.0
484015093,114.0
484015094,80.0
484015095,340.0
484015096,254.0
484015097,484.0
484015098,12.0
484015099,1895.0
484015100,1893.0
484015101,30.0
484015102,1700.0
484015103,252.0
484015104,-1311.0
484015105,-1023.0
484015106,628.0
484015107,4596.0
484015108,-990.0
484015109,63.0
484015110,-670.0
484015111,-2707.0
484015112,-166.0
484015113,-2791.0
484016001,-438.0
484016002,1001.0
484016003,1216.0
484016004,9421.0
484016005,446.0
484016006,-3682.0
484016007,197.0
484016008,0.0
484016009,1480.0
484016010,0.0
484016011,-225.0
484016012,-2166.0
484016013,118.0
484016014,104.0
484016015,-234.0
484016016,3543.0
484016017,3675.0
484016018,-133.0
484016019,-326.0
484016020,-1278.0
484016021,206.0
484016022,346.0
484016023,-540.0
484016024,158.0
484016025,1658.0
484016026,894.0
484016027,202.0
484016028,-55.0
484016029,-494.0
484016030,469.0
484016031,1890.0
484016032,31.0
484016033,2305.0
484016034,822.0
484016035,1789.0
484016036,616.0
484016037,3378.0
484016038,207.0
484016039,1277.0
484016040,420.0
484016041,-88.0
484016042,1495.0
484016043,644.0
484016044,-1021.0
484016045,489.0
484016046,2330.0
484016047,800.0
484016048,-1727.0
484016049,2740.0
484016050,0.0
484016051,20601.0
484016052,1919.0
484016053,2701.0
484016054,1313.0
484016055,197.0
484016056,461.0
484016057,347.0
484016058,-703.0
484016059,-477.0
484016060,-273.0
484016061,-593.0
484016062,1378.0
484016063,3892.0
484016064,1936.0
484016065,2373.0
484016066,328.0
484016067,3077.0
484016068,671.0
484016069,-1268.0
484016070,1664.0
484016071,-315.0
484016072,-231.0
484016073,1054.0
484016074,598.0
484016075,-1604.0
484016076,2732.0
484016077,769.0
484016078,-914.0
484016079,3641.0
484016080,356.0
484016081,-609.0
484016082,448.0
484016083,-1198.0
484016084,494.0
484016085,-644.0
484016086,-773.0
484016087,-423.0
484016088,-733.0
484016089,512.0
484016090,1705.0
484016091,339.0
484016092,-1090.0
484016093,-13.0
484016094,606.0
484016095,-144.0
484016096,503.0
484016097,1067.0
484016098,304.0
484016099,2266.0
484016100,1844.0
484016101,-464.0
484016102,-31.0
484016103,-1426.0
484016104,-2243.0
484016105,7609.0
484016106,-195.0
484016107,4562.0
484016108,489.0
484016109,4825.0
484017001,206.0
484017002,200.0
484017003,527.0
484017004,1547.0
484017005,-241.0
484017006,3696.0
484017007,-5124.0
484017008,1584.0
484017009,-95.0
484017010,-533.0
484017011,4907.0
484017012,-280.0
484017013,-1584.0
484017014,474.0
484017015,1357.0
484017016,459.0
484017017,1369.0
484017018,-461.0
484017019,1776.0
484017020,1793.0
484017021,370.0
484017022,978.0
484017023,-447.0
484017024,1915.0
484017025,-222.0
484017026,-358.0
484017027,-197.0
484017028,2096.0
484017029,3707.0
484017030,-410.0
484017031,727.0
484017032,498.0
484018001,-418.0
484018002,1295.0
484018003,692.0
484018004,0.0
484018005,-402.0
484018006,-3839.0
484018007,1642.0
484018008,1553.0
484018009,0.0
484018010,61.0
484018011,55.0
484018012,0.0
484018013,540.0
484018014,700.0
484018015,0.0
484018016,-14.0
484018017,3968.0
484018018,240.0
484018019,0.0
484019001,20.0
484019002,6.0
484019003,16.0
484019004,445.0
484019005,0.0
484019006,-897.0
484019007,231.0
484019008,56.0
484019009,-1139.0
484019010,95.0
484019011,-853.0
484019012,-544.0
484019013,0.0
484019014,0.0
484019015,25.0
484019016,51.0
484019017,0.0
484019018,-3220.0
484019019,-4175.0
484019020,-147.0
484019021,885.0
484019022,0.0
484019023,47.0
484019024,16.0
484019025,-877.0
484019026,1937.0
484019027,18.0
484019028,38.0
484019029,274.0
484019030,2.0
484019031,194.0
484019032,0.0
484019033,1511.0
484019034,31.0
484019035,48.0
484019036,-846.0
484019037,0.0
484019038,0.0
484019039,-716.0
484019040,9.0
484019041,0.0
484019042,36.0
484019043,14.0
484019044,-2927.0
484019045,15.0
484019046,4438.0
484019047,-684.0
484019048,-15928.0
484019049,-28.0
484019050,7.0
484019051,69.0
484020001,-364.0
484020002,3277.0
484020003,11.0
484020004,173.0
484020005,0.0
484020006,-57.0
484020007,294.0
484020008,21.0
484020009,-113.0
484020010,0.0
484020011,-34.0
484020012,807.0
484020013,427.0
484020014,0.0
484020015,-544.0
484020016,688.0
484020017,81.0
484020018,34.0
484020019,125.0
484020020,224.0
484020021,310.0
484020022,27.0
484020023,418.0
484020024,106.0
484020025,0.0
484020026,761.0
484020027,12.0
484020028,196.0
484020029,7.0
484020030,0.0
484020031,955.0
484020032,73.0
484020033,123.0
484020034,99.0
484020035,11.0
484020036,74.0
484020037,1284.0
484020038,74.0
484020039,1089.0
484020040,0.0
484020041,16.0
484020042,287.0
484020043,0.0
484020044,1125.0
484020045,336.0
484020046,363.0
484020047,10.0
484020048,-69.0
484020049,117.0
484020050,487.0
484020051,455.0
484020052,694.0
484020053,0.0
484020054,16.0
484020055,112.0
484020056,30.0
484020057,0.0
484020058,43.0
484020059,564.0
484020060,355.0
484020061,425.0
484020062,40.0
484020063,149.0
484020064,703.0
484020065,232.0
484020066,0.0
484020067,8463.0
484020068,-552.0
484020069,200.0
484020070,154.0
484020071,170.0
484020072,223.0
484020073,3181.0
484020074,100.0
484020075,0.0
484020076,-53.0
484020077,96.0
484020078,52.0
484020079,0.0
484020080,46.0
484020081,355.0
484020082,436.0
484020083,498.0
484020084,199.0
484020085,1456.0
484020086,45.0
484020087,272.0
484020088,-219.0
484020089,194.0
484020090,93.0
484020091,194.0
484020092,37.0
484020093,18.0
484020094,5.0
484020095,283.0
484020096,21.0
484020097,98.0
484020098,388.0
484020099,92.0
484020100,200.0
484020101,123.0
484020102,186.0
484020103,48.0
484020104,164.0
484020105,883.0
484020106,6.0
484020107,1003.0
484020108,381.0
484020109,-84.0
484020110,161.0
484020111,95.0
484020112,284.0
484020113,599.0
484020114,28.0
484020115,200.0
484020116,5.0
484020117,217.0
484020118,598.0
484020119,8.0
484020120,2.0
484020121,39.0
484020122,16.0
484020123,168.0
484020124,0.0
484020125,0.0
484020126,627.0
484020127,59.0
484020128,154.0
484020129,0.0
484020130,0.0
484020131,1030.0
484020132,37.0
484020133,199.0
484020134,245.0
484020135,725.0
484020136,-201.0
484020137,185.0
484020138,19.0
484020139,89.0
484020140,15.0
484020141,0.0
484020142,12.0
484020143,0.0
484020144,75.0
484020145,186.0
484020146,217.0
484020147,0.0
484020148,667.0
484020149,-68.0
484020150,-138.0
484020151,10.0
484020152,-403.0
484020153,-228.0
484020154,184.0
484020155,55.0
484020156,418.0
484020157,45.0
484020158,-132.0
484020159,-547.0
484020160,129.0
484020161,160.0
484020162,179.0
484020163,8.0
484020164,604.0
484020165,235.0
484020166,366.0
484020167,117.0
484020168,72.0
484020169,6.0
484020170,54.0
484020171,4.0
484020172,6.0
484020173,109.0
484020174,152.0
484020175,48.0
484020176,301.0
484020177,154.0
484020178,121.0
484020179,220.0
484020180,4.0
484020181,-41.0
484020182,14.0
484020183,3043.0
484020184,-314.0
484020185,-23.0
484020186,138.0
484020187,104.0
484020188,120.0
484020189,898.0
484020190,19.0
484020191,133.0
484020192,-72.0
484020193,286.0
484020194,56.0
484020195,19.0
484020196,216.0
484020197,0.0
484020198,85.0
484020199,454.0
484020200,205.0
484020201,793.0
484020202,-163.0
484020203,160.0
484020204,-41.0
484020205,59.0
484020206,1703.0
484020207,1648.0
484020208,101.0
484020209,1443.0
484020210,139.0
484020211,98.0
484020212,-2153.0
484020213,510.0
484020214,12.0
484020215,197.0
484020216,159.0
484020217,77.0
484020218,151.0
484020219,19.0
484020220,19.0
484020221,29.0
484020222,72.0
484020223,22.0
484020224,260.0
484020225,282.0
484020226,389.0
484020227,0.0
484020228,607.0
484020229,139.0
484020230,-163.0
484020231,497.0
484020232,-35.0
484020233,3.0
484020234,462.0
484020235,98.0
484020236,113.0
484020237,99.0
484020238,98.0
484020239,832.0
484020240,145.0
484020241,5898.0
484020242,220.0
484020243,29.0
484020244,65.0
484020245,30.0
484020246,12.0
484020247,0.0
484020248,0.0
484020249,29.0
484020250,194.0
484020251,282.0
484020252,124.0
484020253,309.0
484020254,224.0
484020255,0.0
484020256,50.0
484020257,24.0
484020258,293.0
484020259,244.0
484020260,-2940.0
484020261,149.0
484020262,358.0
484020263,404.0
484020264,0.0
484020265,366.0
484020266,29.0
484020267,55.0
484020268,137.0
484020269,41.0
484020270,179.0
484020271,196.0
484020272,-36.0
484020273,-12.0
484020274,182.0
484020275,45.0
484020276,728.0
484020277,267.0
484020278,203.0
484020279,166.0
484020280,10.0
484020281,0.0
484020282,14.0
484020283,-702.0
484020284,20.0
484020285,531.0
484020286,9.0
484020287,54.0
484020288,60.0
484020289,90.0
484020290,407.0
484020291,-398.0
484020292,543.0
484020293,-109.0
484020294,806.0
484020295,94.0
484020296,936.0
484020297,188.0
484020298,101.0
484020299,-517.0
484020300,46.0
484020301,-42.0
484020302,77.0
484020303,11.0
484020304,0.0
484020305,519.0
484020306,450.0
484020307,0.0
484020308,48.0
484020309,452.0
484020310,37.0
484020311,636.0
484020312,31.0
484020313,266.0
484020314,162.0
484020315,119.0
484020316,24.0
484020317,1680.0
484020318,36.0
484020319,72.0
484020320,82.0
484020321,0.0
484020322,26.0
484020323,2558.0
484020324,1319.0
484020325,502.0
484020326,0.0
484020327,96.0
484020328,122.0
484020329,264.0
484020330,35.0
484020331,5.0
484020332,121.0
484020333,2716.0
484020334,25.0
484020335,796.0
484020336,67.0
484020337,490.0
484020338,246.0
484020339,72.0
484020340,11.0
484020341,122.0
484020342,163.0
484020343,204.0
484020344,142.0
484020345,126.0
484020346,299.0
484020347,1005.0
484020348,298.0
484020349,349.0
484020350,-74.0
484020351,-643.0
484020352,-278.0
484020353,0.0
484020354,4.0
484020355,380.0
484020356,61.0
484020357,244.0
484020358,174.0
484020359,474.0
484020360,143.0
484020361,18.0
484020362,98.0
484020363,-1001.0
484020364,80.0
484020365,32.0
484020366,153.0
484020367,171.0
484020368,160.0
484020369,11.0
484020370,14.0
484020371,304.0
484020372,6.0
484020373,10.0
484020374,242.0
484020375,14.0
484020376,1000.0
484020377,488.0
484020378,357.0
484020379,142.0
484020380,371.0
484020381,90.0
484020382,60.0
484020383,9.0
484020384,1451.0
484020385,2896.0
484020386,289.0
484020387,204.0
484020388,160.0
484020389,1608.0
484020390,302.0
484020391,190.0
484020392,513.0
484020393,170.0
484020394,160.0
484020395,9.0
484020396,659.0
484020397,743.0
484020398,1159.0
484020399,36.0
484020400,426.0
484020401,-98.0
484020402,52.0
484020403,86.0
484020404,392.0
484020405,-52.0
484020406,0.0
484020407,21.0
484020408,267.0
484020409,418.0
484020410,146.0
484020411,255.0
484020412,-2587.0
484020413,-261.0
484020414,6.0
484020415,9.0
484020416,-648.0
484020417,392.0
484020418,54.0
484020419,305.0
484020420,0.0
484020421,2.0
484020422,0.0
484020423,270.0
484020424,63.0
484020425,-165.0
484020426,0.0
484020427,93.0
484020428,28.0
484020429,0.0
484020430,88.0
484020431,136.0
484020432,2190.0
484020433,24.0
484020434,115.0
484020435,37.0
484020436,57.0
484020437,53.0
484020438,2121.0
484020439,157.0
484020440,0.0
484020441,34.0
484020442,34.0
484020443,43.0
484020444,193.0
484020445,2126.0
484020446,1400.0
484020447,-23.0
484020448,292.0
484020449,492.0
484020450,25.0
484020451,438.0
484020452,105.0
484020453,58.0
484020454,-179.0
484020455,133.0
484020456,269.0
484020457,109.0
484020458,233.0
484020459,345.0
484020460,39.0
484020461,6.0
484020462,21.0
484020463,44.0
484020464,629.0
484020465,247.0
484020466,770.0
484020467,-262.0
484020468,94.0
484020469,22.0
484020470,0.0
484020471,43.0
484020472,-190.0
484020473,1816.0
484020474,9.0
484020475,84.0
484020476,68.0
484020477,0.0
484020478,31.0
484020479,80.0
484020480,511.0
484020481,41.0
484020482,179.0
484020483,-1404.0
484020484,32.0
484020485,8.0
484020486,0.0
484020487,-308.0
484020488,10.0
484020489,-345.0
484020490,69.0
484020491,18.0
484020492,239.0
484020493,72.0
484020494,38.0
484020495,1544.0
484020496,138.0
484020497,-276.0
484020498,696.0
484020499,126.0
484020500,20.0
484020501,18.0
484020502,221.0
484020503,0.0
484020504,155.0
484020505,-1177.0
484020506,0.0
484020507,1702.0
484020508,75.0
484020509,-21.0
484020510,53.0
484020511,0.0
484020512,72.0
484020513,881.0
484020514,60.0
484020515,309.0
484020516,6.0
484020517,441.0
484020518,1311.0
484020519,13.0
484020520,26.0
484020521,38.0
484020522,66.0
484020523,0.0
484020524,61.0
484020525,121.0
484020526,-396.0
484020527,224.0
484020528,148.0
484020529,206.0
484020530,102.0
484020531,1114.0
484020532,446.0
484020533,8.0
484020534,378.0
484020535,89.0
484020536,108.0
484020537,-156.0
484020538,80.0
484020539,101.0
484020540,466.0
484020541,376.0
484020542,183.0
484020543,51.0
484020544,26.0
484020545,2667.0
484020546,242.0
484020547,-727.0
484020548,0.0
484020549,87.0
484020550,227.0
484020551,175.0
484020552,18.0
484020553,0.0
484020554,88.0
484020555,1289.0
484020556,932.0
484020557,62.0
484020558,18.0
484020559,4.0
484020560,11.0
484020561,1372.0
484020562,-16.0
484020563,-53.0
484020564,81.0
484020565,75.0
484020566,198.0
484021001,-1547.0
484021002,-128.0
484021003,-217.0
484021004,-2070.0
484021005,295.0
484021006,361.0
484021007,-1155.0
484021008,75.0
484021009,-54.0
484021010,4777.0
484021011,-296.0
484021012,-1040.0
484021013,481.0
484021014,441.0
484021015,-5123.0
484021016,431.0
484021017,600.0
484021018,175.0
484021019,7072.0
484021020,-22.0
484021021,218.0
484021022,1031.0
484021023,-4.0
484021024,-95.0
484021025,142.0
484021026,955.0
484021027,241.0
484021028,16.0
484021029,23.0
484021030,161.0
484021031,-184.0
484021032,-283.0
484021033,616.0
484021034,1138.0
484021035,547.0
484021036,234.0
484021037,123.0
484021038,-567.0
484021039,397.0
484021040,-1364.0
484021041,852.0
484021042,20.0
484021043,266.0
484021044,131.0
484021045,26.0
484021046,-586.0
484021047,-1213.0
484021048,1150.0
484021049,325.0
484021050,-550.0
484021051,4453.0
484021052,1.0
484021053,2717.0
484021054,-348.0
484021055,44.0
484021056,135.0
484021057,1459.0
484021058,-1105.0
484021059,-85.0
484021060,414.0
484021061,264.0
484021062,418.0
484021063,317.0
484021064,155.0
484021065,-1212.0
484021066,-99.0
484021067,-2796.0
484021068,351.0
484021069,3529.0
484021070,-382.0
484021071,1876.0
484021072,43.0
484021073,-95.0
484021074,3842.0
484021075,81.0
484021076,2973.0
484021077,56.0
484021078,51.0
484021079,-255.0
484021080,11.0
484021081,-176.0
484021082,-111.0
484021083,2360.0
484021084,6.0
484021085,1818.0
484021086,661.0
484021087,1563.0
484021088,89.0
484021089,906.0
484021090,1156.0
484021091,66.0
484021092,25.0
484021093,-1357.0
484021094,-577.0
484021095,0.0
484021096,-292.0
484021097,85.0
484021098,-153.0
484021099,-7.0
484021100,49.0
484021101,166.0
484021102,840.0
484021103,-1127.0
484021104,-1569.0
484021105,65.0
484021106,534.0
484021107,-31.0
484021108,-1491.0
484021109,1401.0
484021110,-837.0
484021111,159.0
484021112,1139.0
484021113,-92.0
484021114,20069.0
484021115,-797.0
484021116,-1600.0
484021117,-278.0
484021118,336.0
484021119,-571.0
484021120,102.0
484021121,-119.0
484021122,1023.0
484021123,133.0
484021124,532.0
484021125,-68.0
484021126,93.0
484021127,249.0
484021128,-1330.0
484021129,866.0
484021130,-904.0
484021131,14.0
484021132,-141.0
484021133,160.0
484021134,376.0
484021135,12.0
484021136,122.0
484021137,-1934.0
484021138,46.0
484021139,212.0
484021140,1762.0
484021141,173.0
484021142,-1430.0
484021143,463.0
484021144,-661.0
484021145,47.0
484021146,16.0
484021147,111.0
484021148,332.0
484021149,-422.0
484021150,166.0
484021151,141.0
484021152,56.0
484021153,-902.0
484021154,-3119.0
484021155,228.0
484021156,-1514.0
484021157,-1149.0
484021158,516.0
484021159,678.0
484021160,160.0
484021161,-1779.0
484021162,67.0
484021163,-145.0
484021164,389.0
484021165,112.0
484021166,-416.0
484021167,588.0
484021168,-1173.0
484021169,1657.0
484021170,-1800.0
484021171,237.0
484021172,503.0
484021173,290.0
484021174,3118.0
484021175,936.0
484021176,-23.0
484021177,-841.0
484021178,458.0
484021179,-706.0
484021180,822.0
484021181,40.0
484021182,-480.0
484021183,486.0
484021184,566.0
484021185,-1248.0
484021186,4188.0
484021187,162.0
484021188,661.0
484021189,746.0
484021190,8.0
484021191,-2547.0
484021192,92.0
484021193,25.0
484021194,187.0
484021195,2197.0
484021196,76.0
484021197,535.0
484021198,-706.0
484021199,285.0
484021200,72.0
484021201,220.0
484021202,131.0
484021203,-2385.0
484021204,240.0
484021205,-977.0
484021206,-183.0
484021207,3412.0
484021208,4153.0
484021209,-1374.0
484021210,16.0
484021211,616.0
484021212,578.0
484021213,807.0
484021214,1061.0
484021215,187.0
484021216,18.0
484021217,-392.0
484022001,2820.0
484022002,4488.0
484022003,621.0
484022004,3601.0
484022005,-4023.0
484022006,-4567.0
484022007,2184.0
484022008,11798.0
484022009,730.0
484022010,3986.0
484022011,1766.0
484022012,-1091.0
484022013,981.0
484022014,735.0
484022015,-2006.0
484022016,-5167.0
484022017,676.0
484022018,-1587.0
484023001,0.0
484024001,-1867.0
484024002,-231.0
484024003,2440.0
484024004,-358.0
484024005,-12.0
484024006,227.0
484024007,353.0
484024008,-1902.0
484024009,-524.0
484024010,0.0
484024011,2218.0
484024012,101.0
484024013,1311.0
484024014,103.0
484024015,184.0
484024016,1877.0
484024017,948.0
484024018,174.0
484024019,-715.0
484024020,-529.0
484024021,-1510.0
484024022,195.0
484024023,1701.0
484024024,0.0
484024025,510.0
484024026,52.0
484024027,-547.0
484024028,-3695.0
484024029,236.0
484024030,359.0
484024031,1162.0
484024032,-280.0
484024033,0.0
484024034,24.0
484024035,-3786.0
484024036,2977.0
484024037,1895.0
484024038,-104.0
484024039,36.0
484024040,189.0
484024041,-43.0
484024042,-2879.0
484024043,596.0
484024044,111.0
484024045,-3794.0
484024046,-329.0
484024047,188.0
484024048,2175.0
484024049,-924.0
484024050,-146.0
484024051,972.0
484024052,92.0
484024053,2118.0
484024054,-1766.0
484025001,0.0
484025002,0.0
484025003,0.0
484025004,115.0
484025005,99.0
484025006,0.0
484025007,0.0
484025008,-2362.0
484025009,-386.0
484025010,0.0
484025011,0.0
484025012,0.0
484025013,0.0
484025014,-201.0
484025015,0.0
484025016,0.0
484026001,10.0
484026002,0.0
484026003,0.0
484026004,0.0
484026005,34.0
484026006,36.0
484026007,-38.0
484026008,4.0
484026009,32.0
484026010,54.0
484026011,91.0
484026012,0.0
484026013,28.0
484026014,89.0
484026015,48.0
484026016,-348.0
484026017,0.0
484026018,0.0
484026019,0.0
484026020,0.0
484026021,0.0
484026022,23.0
484026023,131.0
484026024,38.0
484026025,0.0
484026026,0.0
484026027,0.0
484026028,9.0
484026029,0.0
484026030,0.0
484026031,-31.0
484026032,20.0
484026033,0.0
484026034,4.0
484026035,0.0
484026036,0.0
484026037,25.0
484026038,0.0
484026039,-1521.0
484026040,17.0
484026041,167.0
484026042,0.0
484026043,-3891.0
484026044,5.0
484026045,123.0
484026046,25.0
484026047,0.0
484026048,0.0
484026049,0.0
484026050,42.0
484026051,0.0
484026052,0.0
484026053,0.0
484026054,0.0
484026055,0.0
484026056,-1078.0
484026057,0.0
484026058,-140.0
484026059,-75.0
484026060,-648.0
484026061,33.0
484026062,10.0
484026063,-5.0
484026064,58.0
484026065,0.0
484026066,0.0
484026067,62.0
484026068,14.0
484026069,0.0
484027001,0.0
484027002,0.0
484027003,0.0
484027004,-1091.0
484027005,0.0
484027006,0.0
484027007,-633.0
484027008,0.0
484027009,0.0
484027010,0.0
484027011,80.0
484027012,-142.0
484027013,0.0
484027014,0.0
484027015,525.0
484027016,0.0
484027017,453.0
484028001,-145.0
484028002,433.0
484028003,-174.0
484028004,731.0
484028005,314.0
484028006,226.0
484028007,208.0
484028008,0.0
484028009,846.0
484028010,79.0
484028011,508.0
484028012,2004.0
484028013,-253.0
484028014,0.0
484028015,0.0
484028016,299.0
484028017,625.0
484028018,35.0
484028019,480.0
484028020,67.0
484028021,6227.0
484028022,0.0
484028023,0.0
484028024,-824.0
484028025,-4112.0
484028026,-36.0
484028027,0.0
484028028,391.0
484028029,1026.0
484028030,21.0
484028031,121.0
484028032,226.0
484028033,0.0
484028034,8.0
484028035,0.0
484028036,2204.0
484028037,471.0
484028038,0.0
484028039,522.0
484028040,129.0
484028041,689.0
484029001,282.0
484029002,466.0
484029003,233.0
484029004,-31.0
484029005,2041.0
484029006,263.0
484029007,-1732.0
484029008,-509.0
484029009,75.0
484029010,5602.0
484029011,174.0
484029012,434.0
484029013,-1647.0
484029014,590.0
484029015,495.0
484029016,-141.0
484029017,400.0
484029018,1355.0
484029019,230.0
484029020,-73.0
484029021,894.0
484029022,69.0
484029023,627.0
484029024,1037.0
484029025,134.0
484029026,338.0
484029027,1093.0
484029028,466.0
484029029,889.0
484029030,-344.0
484029031,373.0
484029032,181.0
484029033,170.0
484029034,344.0
484029035,1041.0
484029036,-416.0
484029037,117.0
484029038,197.0
484029039,639.0
484029040,654.0
484029041,598.0
484029042,1158.0
484029043,1701.0
484030001,-162.0
484030002,-448.0
484030003,263.0
484030004,1583.0
484030005,139.0
484030006,214.0
484030007,165.0
484030008,371.0
484030009,-528.0
484030010,2448.0
484030011,1275.0
484030012,116.0
484030013,-1297.0
484030014,2378.0
484030015,382.0
484030016,-559.0
484030017,121.0
484030018,197.0
484030019,1101.0
484030020,565.0
484030021,622.0
484030022,74.0
484030023,4400.0
484030024,205.0
484030025,-1643.0
484030026,313.0
484030027,346.0
484030028,2936.0
484030029,-1070.0
484030030,1785.0
484030031,801.0
484030032,1066.0
484030033,485.0
484030034,-48.0
484030035,-44.0
484030036,245.0
484030037,269.0
484030038,-195.0
484030039,0.0
484030040,-1250.0
484030041,94.0
484030042,-89.0
484030043,1720.0
484030044,1100.0
484030045,4766.0
484030046,1072.0
484030047,3393.0
484030048,0.0
484030049,-493.0
484030050,17.0
484030051,1039.0
484030052,1145.0
484030053,882.0
484030054,404.0
484030055,-31.0
484030056,-51.0
484030057,-345.0
484030058,329.0
484030059,0.0
484030060,-97.0
484030061,0.0
484030062,164.0
484030063,154.0
484030064,36.0
484030065,158.0
484030066,548.0
484030067,-354.0
484030068,189.0
484030069,-1096.0
484030070,3982.0
484030071,1854.0
484030072,887.0
484030073,314.0
484030074,-134.0
484030075,462.0
484030076,118.0
484030077,235.0
484030078,-691.0
484030079,1721.0
484030080,542.0
484030081,0.0
484030082,532.0
484030083,86.0
484030084,3301.0
484030085,-1972.0
484030086,7865.0
484030087,66.0
484030088,0.0
484030089,-19.0
484030090,-751.0
484030091,384.0
484030092,1715.0
484030093,932.0
484030094,41.0
484030095,256.0
484030096,0.0
484030097,253.0
484030098,-535.0
484030099,2070.0
484030100,3185.0
484030101,77.0
484030102,0.0
484030103,44.0
484030104,131.0
484030105,-367.0
484030106,488.0
484030107,-73.0
484030108,0.0
484030109,119.0
484030110,100.0
484030111,26.0
484030112,1406.0
484030113,0.0
484030114,876.0
484030115,1778.0
484030116,277.0
484030117,0.0
484030118,-2.0
484030119,0.0
484030120,0.0
484030121,1076.0
484030122,945.0
484030123,761.0
484030124,1445.0
484030125,-1948.0
484030126,-93.0
484030127,2352.0
484030128,1700.0
484030129,-1283.0
484030130,457.0
484030131,834.0
484030132,102.0
484030133,86.0
484030134,158.0
484030135,651.0
484030136,73.0
484030137,12.0
484030138,4750.0
484030139,1696.0
484030140,0.0
484030141,0.0
484030142,137.0
484030143,164.0
484030144,-1126.0
484030145,57.0
484030146,426.0
484030147,0.0
484030148,40.0
484030149,50.0
484030150,121.0
484030151,-507.0
484030152,290.0
484030153,24.0
484030154,70.0
484030155,2556.0
484030156,1459.0
484030157,649.0
484030158,-113.0
484030159,478.0
484030160,33.0
484030161,13.0
484030162,61.0
484030163,-422.0
484030164,1210.0
484030165,0.0
484030166,4120.0
484030167,3700.0
484030168,-1366.0
484030169,250.0
484030170,-359.0
484030171,203.0
484030172,473.0
484030173,711.0
484030174,-393.0
484030175,63.0
484030176,3611.0
484030177,1770.0
484030178,45.0
484030179,108.0
484030180,-295.0
484030181,950.0
484030182,-522.0
484030183,106.0
484030184,1069.0
484030185,-142.0
484030186,4473.0
484030187,-235.0
484030188,296.0
484030189,615.0
484030190,542.0
484030191,703.0
484030192,0.0
484030193,1674.0
484030194,580.0
484030195,140.0
484031001,0.0
484031002,0.0
484031003,0.0
484031004,0.0
484031005,0.0
484031006,0.0
484031007,0.0
484031008,0.0
484031009,0.0
484031010,0.0
484031011,0.0
484031012,0.0
484031013,0.0
484031014,0.0
484031015,0.0
484031016,0.0
484031017,0.0
484031018,0.0
484031019,0.0
484031020,0.0
484031021,0.0
484031022,0.0
484031023,0.0
484031024,0.0
484031025,0.0
484031026,0.0
484031027,0.0
484031028,0.0
484031029,0.0
484031030,0.0
484031031,0.0
484031032,0.0
484031033,28.0
484031034,0.0
484031035,0.0
484031036,0.0
484031037,0.0
484031038,445.0
484031039,0.0
484031040,0.0
484031041,0.0
484031042,0.0
484031043,0.0
484031044,95.0
484031045,0.0
484031046,0.0
484031047,0.0
484031048,32.0
484031049,0.0
484031050,0.0
484031051,0.0
484031052,0.0
484031053,0.0
484031054,0.0
484031055,16.0
484031056,0.0
484031057,0.0
484031058,0.0
484031059,0.0
484031060,0.0
484031061,0.0
484031062,0.0
484031063,11.0
484031064,0.0
484031065,0.0
484031066,0.0
484031067,0.0
484031068,0.0
484031069,0.0
484031070,0.0
484031071,0.0
484031072,0.0
484031073,0.0
484031074,0.0
484031075,0.0
484031076,0.0
484031077,0.0
484031078,0.0
484031079,0.0
484031080,0.0
484031081,0.0
484031082,0.0
484031083,0.0
484031084,0.0
484031085,0.0
484031086,0.0
484031087,446.0
484031088,0.0
484031089,0.0
484031090,0.0
484031091,0.0
484031092,0.0
484031093,0.0
484031094,0.0
484031095,0.0
484031096,0.0
484031097,0.0
484031098,0.0
484031099,0.0
484031100,0.0
484031101,0.0
484031102,0.0
484031103,0.0
484031104,0.0
484031105,0.0
484031106,0.0
484032001,740.0
484032002,-236.0
484032003,125.0
484032004,702.0
484032005,-815.0
484032006,0.0
484032007,0.0
484032008,-119.0
484032009,206.0
484032010,0.0
484032011,128.0
484032012,-804.0
484032013,0.0
484032014,56.0
484032015,-328.0
484032016,-5461.0
484032017,311.0
484032018,-2408.0
484032019,5.0
484032020,-518.0
484032021,165.0
484032022,-9.0
484032023,-897.0
484032024,-685.0
484032025,0.0
484032026,0.0
484032027,168.0
484032028,1673.0
484032029,131.0
484032030,15.0
484032031,-95.0
484032032,479.0
484032033,-444.0
484032034,931.0
484032035,-695.0
484032036,439.0
484032037,0.0
484032038,0.0
484032039,0.0
484032040,0.0
484032041,-14.0
484032042,-22.0
484032043,135.0
484032044,303.0
484032045,-1113.0
484032046,0.0
484032047,778.0
484032048,0.0
484032049,1338.0
484032050,576.0
484032051,2199.0
484032052,-538.0
484032053,-2587.0
