GEO2_MX,perc_change
484001001,-0.010391154440613483
484001002,-0.039830719442369926
484001003,-0.16761174116077385
484001004,1.8818897637795275
484001005,0.17322208978943188
484001006,-0.24865663621708758
484001007,4.111336032388664
484001008,0.2869986168741355
484002001,0.0
484002002,0.0
484002003,0.0
484002004,0.0
484003001,0.0
484004001,0.0
484004002,0.0
484004003,0.0
484004004,-1.0
484004005,-1.0
484004006,-1.0
484005001,-1.0
484005002,0.0
484005003,-0.229800629590766
484005004,-0.9675392670157068
484005005,0.0
484005006,0.0
484005007,0.0
484005008,-1.0
484005009,0.0
484005010,1.440025657472739
484005011,0.0
484005012,0.0
484005013,-1.0
484005014,-0.9888143176733781
484005015,1.725
484005016,-1.0
484005017,-0.7044661549197487
484005018,1.216708229426434
484005019,-0.5126262626262627
484005020,0.0
484005021,-0.23404255319148937
484005022,0.3127413127413127
484005023,0.0
484005024,0.0
484005025,0.21684897332565725
484005026,0.0
484005027,0.0
484005028,1.0896888346552775
484005029,-1.0
484005030,0.0
484005031,0.0
484005032,0.16150870406189555
484005033,0.0
484005034,0.0
484005035,0.0
484005036,0.0
484005037,0.0
484005038,0.0
484006001,0.0
484006002,0.6614355895196506
484006003,0.20810439560439561
484006004,0.590818363273453
484006005,0.0836104513064133
484006006,-0.18043478260869567
484006007,-0.6382113821138211
484006008,0.0
484006009,1.3514370664023785
484007001,0.09944751381215469
484007002,-0.19458128078817735
484007003,0.41539923954372626
484007004,0.09902597402597403
484007005,0.0
484007006,-0.6777583187390543
484007007,9.181818181818182
484007008,-0.5711000383288616
484007009,0.0
484007010,0.9158415841584159
484007011,-0.5656201749871334
484007012,0.0
484007013,0.0
484007014,-1.0
484007015,-0.6319199057714959
484007016,-0.8583690987124464
484007017,0.0
484007018,0.0
484007019,-0.38264669163545567
484007020,-0.7001321003963011
484007021,0.0
484007022,-1.0
484007023,-0.5893229166666667
484007024,4.097560975609756
484007025,0.0
484007026,-0.44954128440366975
484007027,-0.2731182795698925
484007028,-0.9672131147540983
484007029,0.0
484007030,-0.19916628068550254
484007031,5.26878612716763
484007032,-0.23966244725738398
484007033,0.0
484007034,-0.11455331412103746
484007035,0.0
484007036,0.048223350253807105
484007037,-0.30873087308730873
484007038,5.313725490196078
484007039,-0.22666666666666666
484007040,-0.20155709342560554
484007041,-0.9375
484007042,0.0
484007043,0.0
484007044,2.875
484007045,0.0
484007046,0.0
484007047,1.5265957446808511
484007048,0.0
484007049,-1.0
484007050,-1.0
484007051,0.9897159647404505
484007052,0.0
484007053,1.3695652173913044
484007054,0.0
484007055,0.0
484007056,-1.0
484007057,0.5187885586090858
484007058,19.22222222222222
484007059,0.0
484007060,0.0
484007061,0.0
484007062,0.0
484007063,0.0
484007064,0.0
484007065,0.0
484007066,-1.0
484007067,0.0
484007068,0.0
484007069,1.8236092265943011
484007070,0.3656957928802589
484007071,-0.7848101265822784
484007072,0.0
484007073,0.0
484007074,0.0
484007075,0.5366568914956011
484007076,-1.0
484007077,0.7555555555555555
484007078,0.760127446517979
484007079,0.0
484007080,-0.6587335316617084
484007081,-0.21100917431192662
484007082,0.0
484007083,0.20405405405405405
484007084,0.0
484007085,0.0
484007086,0.0
484007087,0.0
484007088,0.0
484007089,-0.3914640545740773
484007090,0.0
484007091,0.0
484007092,0.0
484007093,-1.0
484007094,0.2127329192546584
484007095,-0.24780701754385964
484007096,0.0
484007097,3.25
484007098,-0.7421858611285924
484007099,0.07096774193548387
484007100,0.0
484007101,0.0
484007102,-0.21946564885496184
484007103,-0.9621962196219622
484007104,-0.487012987012987
484007105,0.5819256756756757
484007106,-0.00847457627118644
484007107,0.0
484007108,2.4347826086956523
484007109,0.0
484007110,1.6477732793522266
484008001,0.0
484008002,0.0
484008003,0.0
484008004,0.0
484008005,0.0
484008006,0.0
484008007,0.0
484008008,-0.6312849162011173
484008009,0.0
484008010,0.0
484008011,0.0
484008012,0.0
484008013,-0.8654970760233918
484008014,0.0
484008015,0.32967032967032966
484008016,0.0
484008017,-1.0
484008018,0.0
484008019,0.0
484008020,-0.18438914027149322
484008021,-1.0
484008022,0.0
484008023,-0.6688888888888889
484008024,0.0
484008025,-1.0
484008026,0.0
484008027,0.0
484008028,-0.3333333333333333
484008029,0.0
484008030,0.6477518634287088
484008031,-1.0
484008032,0.0
484008033,0.0
484008034,0.0
484008035,0.0
484008036,0.0
484008037,-0.9238410596026491
484008038,0.0
484008039,-1.0
484008040,0.0
484008041,0.0
484008042,0.8928571428571429
484008043,-0.4007076514816453
484008044,0.0
484008045,0.0
484008046,0.0
484008047,-1.0
484008048,0.0
484008049,0.0
484008050,0.0
484008051,0.0
484008052,0.0
484008053,0.0
484008054,-1.0
484008055,-1.0
484008056,-1.0
484008057,-1.0
484008058,-0.84
484008059,0.0
484008060,0.0
484008061,0.0
484008062,-1.0
484008063,0.0
484008064,0.0
484008065,-1.0
484009001,0.07462863499995441
484009002,-0.16068939886648703
484009003,0.13343108504398826
484009004,0.3691322901849218
484009005,-0.16879535558780842
484009006,0.25870858113848766
484010001,0.0
484010002,-1.0
484010003,0.5779005524861879
484010004,0.0
484010005,0.0
484010006,0.0
484010007,-0.34445945945945944
484010008,-0.6474865633891875
484010009,0.0
484010010,0.0
484010011,0.0
484010012,-0.2568588469184891
484010013,0.0
484010014,0.0
484010015,-0.5659203980099502
484010016,-0.6948085998951232
484010017,0.0
484010018,0.0
484010019,0.0
484010020,-0.5431034482758621
484010021,1.5731497418244407
484010022,-0.3436486149238832
484010023,0.0
484010024,-0.5278858625162127
484010025,0.0
484010026,0.0
484010027,0.0
484010028,-0.22750775594622544
484010029,-0.5303030303030303
484010030,-0.9956331877729258
484010031,1.0835351089588379
484010032,0.0
484010033,4.628
484010034,0.0
484010035,0.0
484010036,0.0
484010037,-0.8152866242038217
484010038,0.5828358208955224
484011001,-0.5346060346060346
484011002,-0.527301892845685
484011003,-0.25289762955208256
484011004,-0.5825871819038643
484011005,-0.549978947368421
484011006,0.14472123368920523
484011007,-0.31689121478677207
484011008,-0.7387462797619048
484011009,-0.61226770993433
484011010,-0.022863568215892055
484011011,-0.4471737982039091
484011012,-0.392
484011013,-0.36246012052463666
484011014,-0.7637310606060606
484011015,0.11138189367271414
484011016,-0.4813509544787078
484011017,-0.3749626432010626
484011018,-0.46398611512872434
484011019,-0.7107269088276625
484011020,-0.5265962964884071
484011021,-0.0840436413228776
484011022,0.2606568832983927
484011023,-0.005663013900125027
484011024,-0.6713129496402878
484011025,-0.20249070030729419
484011026,-0.40098171970209884
484011027,-0.47337754912291574
484011028,-0.21090191314910417
484011029,-0.5995869368787918
484011030,0.0
484011031,-0.4043980037429819
484011032,-0.12875825805581773
484011033,-0.45636004142736086
484011034,1.227920227920228
484011035,-0.27826400794008843
484011036,-0.4293785310734463
484011037,-0.6495650891935721
484011038,0.6522727272727272
484011039,-0.45542866882563493
484011040,0.439362022269034
484011041,1.1541774332472008
484011042,-0.5102940288595061
484011043,-0.0013989274889251574
484011044,-0.5489536621823617
484011045,-0.20147545153904858
484011046,-0.41945680168578786
484012001,-0.12759211341521193
484012002,-0.37675959149875793
484012003,1.0593683210638802
484012004,0.21109989909182644
484012005,-0.37018425460636517
484012006,2.0942883046237535
484012007,0.5123906705539358
484012008,-0.08
484012009,-0.7789855072463768
484012010,0.4888235294117647
484012011,-0.612371888726208
484012012,-0.3975351556328014
484012013,-0.22563676633444074
484012014,-0.6194415718717684
484012015,0.7104984093319194
484012016,0.23522167487684728
484012017,-0.2433774834437086
484012018,-0.11330798479087452
484012019,-0.36758563074352546
484012020,0.46321070234113715
484012021,-0.06957274826789839
484012022,0.0
484012023,0.1457157516675218
484012024,2.373853211009174
484012025,-0.40828402366863903
484012026,0.5257400257400258
484012027,-0.14132841328413284
484012028,-0.5683870967741935
484012029,0.7401795735129069
484012030,0.42188919164396005
484012031,2.2716836734693877
484012032,0.594578313253012
484012033,-0.22002820874471085
484012034,-0.706865671641791
484012035,-0.3288987435328899
484012036,-0.6977186311787072
484012037,-0.2878787878787879
484012038,0.0
484012039,1.0745614035087718
484012040,-0.4236453201970443
484012041,0.4372913686218407
484012042,-0.7871956717763751
484012043,0.5977466504263094
484012044,0.7803379416282642
484012045,1.1030092592592593
484012046,-0.7005721551176096
484012047,0.5315500685871056
484012048,0.1318154583582984
484012049,0.23556797020484171
484012050,1.5271041369472182
484012051,0.4835287548855388
484012052,-0.06336405529953917
484012053,0.10652920962199312
484012054,2.928319623971798
484012055,-0.44139886578449905
484012056,0.345005149330587
484012057,-0.6723737666860128
484012058,-0.025115981442969126
484012059,-0.3282710280373832
484012060,-0.6858877086494689
484012061,0.4838709677419355
484012062,0.9505557684936757
484012063,-0.4012158054711246
484012064,0.21929824561403508
484012065,-0.6746724890829694
484012066,0.03519356460532931
484012067,0.13542976939203355
484012068,2.1625357483317447
484012069,1.5625
484012070,-0.7297979797979798
484012071,1.4417989417989419
484012072,-0.21163682864450128
484012073,-0.5822998872604284
484012074,0.3492647058823529
484013001,-0.5733160621761658
484013002,-0.12340966921119594
484013003,-0.3366313851817763
484013004,-0.8653100775193798
484013005,0.13970588235294118
484013006,-0.8772206869324911
484013007,0.03523035230352303
484013008,-0.12010443864229765
484013009,0.35096642929806715
484013010,-0.0930493273542601
484013011,-0.6055045871559633
484013012,-0.5327405012126112
484013013,1.0584677419354838
484013014,-0.617096018735363
484013015,-0.6167986425339367
484013016,-0.38515185601799773
484013017,-0.7056818181818182
484013018,-0.7268113899069636
484013019,-0.489501953125
484013020,-1.0
484013021,2.3941176470588235
484013022,-0.6813509544787077
484013023,-0.6987988912842624
484013024,-0.5749644381223329
484013025,-0.8453865336658354
484013026,-0.6762295081967213
484013027,-0.6894736842105263
484013028,-0.8447146866230122
484013029,-0.027647494445815848
484013030,-0.7989695148132245
484013031,-0.26746290264205574
484013032,-0.9321266968325792
484013033,-0.6887052341597796
484013034,-0.8877755511022044
484013035,-0.549618320610687
484013036,-0.7737341772151899
484013037,-0.8963672205012673
484013038,-0.6183035714285714
484013039,-0.5418552036199095
484013040,-0.16930970149253732
484013041,-0.05082592121982211
484013042,-0.7716436637390214
484013043,-0.9515968063872255
484013044,-0.5067264573991032
484013045,-0.6050955414012739
484013046,-0.12535612535612536
484013047,-0.5116140559857058
484013048,2.0946378978850673
484013049,-0.5463941203491043
484013050,0.5391760904684976
484013051,0.4413931681178835
484013052,-0.7858703568827385
484013053,-0.4226096143687269
484013054,-0.6988416988416989
484013055,-0.22884012539184953
484013056,0.565500406834825
484013057,-0.7215061058344641
484013058,-0.44852809991079395
484013059,-0.8517316017316018
484013060,0.42857142857142855
484013061,-0.8762798634812287
484013062,-0.4134960516870065
484013063,-0.6780684104627767
484013064,-0.145550972304066
484013065,5.401041666666667
484013066,-0.44696569920844326
484013067,-0.9454008853910477
484013068,-0.4209575429087624
484013069,-0.9982517482517482
484013070,1.0899031811894881
484013071,-0.8205025927403271
484013072,-0.5005889281507656
484013073,0.6559139784946236
484013074,0.4020803443328551
484013075,-0.19492293744333636
484013076,-0.5081967213114754
484013077,-0.9262295081967213
484013078,-0.8653465346534653
484013079,-0.5909249563699825
484013080,-0.08465608465608465
484013081,-0.4056047197640118
484013082,-0.6255747126436781
484014001,0.12841418671015084
484014002,-0.2383838383838384
484014003,0.44129104062326097
484014004,0.4849624060150376
484014005,1.297029702970297
484014006,-0.3112569202378511
484014007,-0.01300578034682081
484014008,-0.28032962002136425
484014009,0.3655804480651731
484014010,1.187725631768953
484014011,0.053061224489795916
484014012,-0.19536423841059603
484014013,2.1527046433700336
484014014,0.6618141097424413
484014015,0.7113581104550191
484014016,0.46716844017648584
484014017,0.40865384615384615
484014018,-0.10379506641366223
484014019,-0.5257731958762887
484014020,0.0
484014021,-0.6499631540162122
484014022,0.3557142857142857
484014023,0.3533001808318264
484014024,-0.1687874251497006
484014025,0.31635540464063383
484014026,1.7274220032840724
484014027,-0.6868421052631579
484014028,-0.5929752066115702
484014029,0.019330855018587362
484014030,1.206581352833638
484014031,0.2733644859813084
484014032,-0.3821138211382114
484014033,-0.01401438318274018
484014034,1.9583333333333333
484014035,0.06561360874848117
484014036,0.061979648473635525
484014037,2.121142857142857
484014038,-0.3146067415730337
484014039,-0.19178345633308494
484014040,0.29541284403669726
484014041,-0.2800429184549356
484014042,0.0
484014043,-0.5507772020725389
484014044,0.4474929044465468
484014045,0.24337517433751743
484014046,0.4665412523515184
484014047,-0.12077789150460594
484014048,-0.31968085106382976
484014049,0.3973256924546323
484014050,1.1716443529007896
484014051,1.5771704180064308
484014052,-0.15
484014053,-0.6248456408989874
484014054,-0.23376623376623376
484014055,0.5720053835800808
484014056,-0.5041782729805014
484014057,1.4906716417910448
484014058,-0.8316912972085386
484014059,-0.06736526946107785
484014060,-0.18292682926829268
484014061,0.0
484014062,-0.5310173697270472
484014063,1.2985074626865671
484014064,0.5699074074074074
484014065,-0.5665399239543726
484014066,-0.1511552580436191
484014067,0.22610533159947985
484014068,-0.9181034482758621
484014069,0.26394849785407726
484014070,-0.6868913857677903
484014071,-0.5069582504970179
484014072,1.3512160228898427
484014073,0.8716870773167611
484014074,0.4797578509269769
484014075,6.726315789473684
484014076,-0.5515151515151515
484014077,0.22920021470746108
484014078,0.20426579163248565
484014079,0.8035019455252919
484014080,-0.8895131086142322
484014081,0.5521628498727735
484014082,0.0715557137771449
484014083,0.8103448275862069
484014084,0.0
484014085,-0.021788990825688075
484014086,1.7479289940828402
484014087,1.1429384965831435
484014088,0.6837256908904811
484014089,-0.030927835051546393
484014090,0.5049019607843137
484014091,0.1140607424071991
484014092,-0.2102496714848883
484014093,0.32537843682421996
484014094,3.8133787814230935
484014095,1.9788484136310223
484014096,0.16653481012658228
484014097,0.31675921251892986
484014098,-0.5973581900791606
484014099,1.3828320802005012
484014100,0.0
484014101,-0.17729083665338646
484014102,0.20261437908496732
484014103,3.245508982035928
484014104,0.34225352112676055
484014105,0.32522275531185746
484014106,1.0978260869565217
484014107,0.14416058394160583
484014108,2.0044722719141324
484014109,-0.2637037037037037
484014110,0.30899308224442734
484014111,1.3126984126984127
484014112,0.4342629482071713
484014113,0.4526527871054399
484014114,0.22789425706472197
484014115,1.9810246679316887
484014116,1.1916886157448054
484014117,-0.010940919037199124
484014118,-0.12245652978172401
484014119,0.7531854648419065
484014120,-0.10144028805761152
484014121,1.758896151053014
484014122,-0.2514450867052023
484014123,0.34985835694050993
484014124,0.2507418397626113
484015001,0.025360384410037372
484015002,-0.6306620209059234
484015003,2.8126410835214446
484015004,1.0885956644674835
484015005,-0.1202223766504517
484015006,-0.5056980056980057
484015007,-0.47058823529411764
484015008,-0.2802547770700637
484015009,1.280536912751678
484015010,1.2373737373737375
484015011,-0.1850889177691137
484015012,-0.5089058524173028
484015013,-0.22069400630914826
484015014,0.813588850174216
484015015,-0.33724202626641653
484015016,2.3664302600472813
484015017,-1.0
484015018,0.15905245346869712
484015019,0.9205298013245033
484015020,-0.6184649610678532
484015021,-0.7612811612496055
484015022,-1.0
484015023,0.946987951807229
484015024,0.1936950255007761
484015025,-0.2401697944593387
484015026,0.25749559082892415
484015027,-1.0
484015028,-1.0
484015029,-0.643598615916955
484015030,7.464788732394366
484015031,1.702469135802469
484015032,-0.8055555555555556
484015033,6.469525959367946
484015034,2.301910828025478
484015035,1.1109406952965235
484015036,-0.5847953216374269
484015037,-0.5727579737335835
484015038,-0.16212480252764613
484015039,-0.3351851851851852
484015040,-0.16719419102587973
484015041,1.6563981042654028
484015042,1.1225382932166301
484015043,-0.2760233918128655
484015044,4.917808219178082
484015045,0.5951338199513382
484015046,-0.38907766990291265
484015047,-0.6088303640588691
484015048,0.7521367521367521
484015049,1.3552812071330589
484015050,-0.3313167259786477
484015051,0.07952871870397643
484015052,-0.05439773931472978
484015053,0.49324324324324326
484015054,0.043859649122807015
484015055,-0.12117206433135051
484015056,3.2943396226415094
484015057,0.0232135216089003
484015058,1.6019900497512438
484015059,1.1647398843930636
484015060,0.1708371949335805
484015061,-0.5718631178707224
484015062,0.325115562403698
484015063,-0.6206896551724138
484015064,2.6739130434782608
484015065,-0.5796687607081668
484015066,0.0
484015067,-0.766028868747902
484015068,-0.17010309278350516
484015069,-1.0
484015070,-1.0
484015071,-0.5429475587703436
484015072,2.264044943820225
484015073,-0.36600496277915634
484015074,-0.40476190476190477
484015075,-0.7145593869731801
484015076,-0.2356164383561644
484015077,-0.05102915951972556
484015078,-0.05010511562718991
484015079,-0.6804707548004602
484015080,-1.0
484015081,-0.1317157712305026
484015082,0.14473903618475906
484015083,-0.3845297718419588
484015084,5.769366197183099
484015085,0.1577424023154848
484015086,-1.0
484015087,-0.7559369856571831
484015088,-0.12176414189837009
484015089,0.9478155339805825
484015090,3.5105263157894737
484015091,-0.4236559139784946
484015092,3.2476190476190476
484015093,-0.09306122448979592
484015094,-1.0
484015095,-0.85
484015096,-0.046636085626911315
484015097,-0.44281793229643185
484015098,-0.015364916773367477
484015099,-0.43653536051601016
484015100,-0.11490136570561457
484015101,-0.027803521779425393
484015102,-0.8740359897172236
484015103,-0.15879017013232513
484015104,0.460646521433591
484015105,0.9932038834951457
484015106,-0.23511793335829279
484015107,-0.47075693946532826
484015108,1.65
484015109,-0.504
484015110,0.5238467552775606
484015111,1.0176691729323308
484015112,0.049185185185185186
484015113,1.0660809778456837
484016001,0.8725099601593626
484016002,-0.494320987654321
484016003,-0.22733221162834175
484016004,-0.44062485384219635
484016005,-0.5284360189573459
484016006,0.4078422684980062
484016007,-0.4457013574660634
484016008,0.0
484016009,-0.6954887218045113
484016010,0.0
484016011,0.16495601173020527
484016012,1.0706870983687593
484016013,-0.1281216069489685
484016014,-0.10473313192346426
484016015,0.11770623742454728
484016016,-0.7010288880094975
484016017,-0.4723043310628454
484016018,0.07764156450671336
484016019,0.1054333764553687
484016020,0.5007836990595611
484016021,-0.23146067415730337
484016022,-0.11219195849546044
484016023,0.2906350914962325
484016024,-0.07959697732997481
484016025,-0.604888726742065
484016026,-0.8922155688622755
484016027,-0.12146722790138305
484016028,0.0929054054054054
484016029,0.2852193995381062
484016030,-0.19648093841642228
484016031,-0.8467741935483871
484016032,-0.02557755775577558
484016033,-0.18118220405596605
484016034,-0.29934450109249816
484016035,-0.7178972712680578
484016036,-0.3684210526315789
484016037,-0.57244534824606
484016038,-0.28434065934065933
484016039,-0.6232308443142996
484016040,-0.21886399166232412
484016041,0.07315045719035744
484016042,-0.27881387541961955
484016043,-0.5296052631578947
484016044,0.2089643880474826
484016045,-0.36168639053254437
484016046,-0.5152587350729766
484016047,-0.6339144215530903
484016048,1.0753424657534247
484016049,-0.2957685664939551
484016050,0.0
484016051,-0.4475151202083468
484016052,-0.7615079365079365
484016053,-0.5298156139662613
484016054,-0.6638018200202225
484016055,-0.3082942097026604
484016056,-0.24972914409534128
484016057,-0.41309523809523807
484016058,1.5150862068965518
484016059,0.3285123966942149
484016060,0.1092436974789916
484016061,0.3469865418373318
484016062,-0.4402555910543131
484016063,-0.7659909466640425
484016064,-0.27363957597173144
484016065,-0.8057724957555178
484016066,-0.2444113263785395
484016067,-0.28231947885127073
484016068,-0.43123393316195374
484016069,0.6240157480314961
484016070,-0.528757546870035
484016071,0.3191489361702128
484016072,0.11257309941520467
484016073,-0.2631710362047441
484016074,-0.4842105263157895
484016075,0.8789041095890411
484016076,-0.41812059993878176
484016077,-0.4260387811634349
484016078,1.1200980392156863
484016079,-0.5862180003220093
484016080,-0.2025028441410694
484016081,0.1948176583493282
484016082,-0.2146621945376138
484016083,0.8725418790968682
484016084,-0.5476718403547672
484016085,0.16504356740133266
484016086,0.4377123442808607
484016087,1.419463087248322
484016088,1.949468085106383
484016089,-0.2188034188034188
484016090,-0.6875
484016091,-0.4956140350877193
484016092,2.045028142589118
484016093,0.013118062563067608
484016094,-0.18571866380631322
484016095,0.04779289744440757
484016096,-0.22455357142857144
484016097,-0.736878453038674
484016098,-0.29118773946360155
484016099,-0.22341477192486936
484016100,-0.44326923076923075
484016101,0.17635879893576586
484016102,0.01658640984483681
484016103,0.9123480486244402
484016104,0.8088712585647313
484016105,-0.5185361864522284
484016106,0.5701754385964912
484016107,-0.6702909197766677
484016108,-0.4511070110701107
484016109,-0.4539040451552211
484017001,-0.13696808510638298
484017002,-0.1841620626151013
484017003,-0.27025641025641023
484017004,-0.2953417334860634
484017005,0.8281786941580757
484017006,-0.40998336106489186
484017007,0.5581699346405229
484017008,-0.6470588235294118
484017009,0.31666666666666665
484017010,0.27717108684347375
484017011,-0.5757362431068872
484017012,0.12329370321444298
484017013,1.0909090909090908
484017014,-0.7608346709470305
484017015,-0.40592282381094824
484017016,-0.498371335504886
484017017,-0.37404371584699453
484017018,0.09802253880501807
484017019,-0.4681075382182393
484017020,-0.5717474489795918
484017021,-0.556390977443609
484017022,-0.5475923852183651
484017023,20.318181818181817
484017024,-0.47005400098183603
484017025,0.09937332139659803
484017026,0.7552742616033755
484017027,0.5457063711911357
484017028,-0.6334239951647024
484017029,-0.5096233159197141
484017030,0.22031166039763567
484017031,-0.42865566037735847
484017032,-0.20698254364089774
484018001,0.5663956639566395
484018002,-0.46988388969521044
484018003,-0.7801578354002254
484018004,0.0
484018005,0.9054054054054054
484018006,3.6457739791073123
484018007,-0.6090504451038575
484018008,-0.43102969747432696
484018009,0.0
484018010,-0.037014563106796114
484018011,-0.030470914127423823
484018012,0.0
484018013,-0.693196405648267
484018014,-0.4804392587508579
484018015,0.0
484018016,0.012939001848428836
484018017,-0.22453598913535536
484018018,-0.14696876913655849
484018019,0.0
484019001,-1.0
484019002,-1.0
484019003,-1.0
484019004,-0.8180147058823529
484019005,0.0
484019006,0.1375555896334918
484019007,-1.0
484019008,-0.6666666666666666
484019009,1.8341384863123993
484019010,-1.0
484019011,3.306201550387597
484019012,2.924731182795699
484019013,0.0
484019014,0.0
484019015,-1.0
484019016,-1.0
484019017,0.0
484019018,2.626427406199021
484019019,1.0866736074960959
484019020,8.166666666666666
484019021,-0.14703439109486627
484019022,0.0
484019023,-1.0
484019024,-0.4
484019025,2.3702702702702703
484019026,-0.17513562386980108
484019027,-1.0
484019028,-1.0
484019029,-0.9716312056737588
484019030,-1.0
484019031,-0.053546784432790505
484019032,0.0
484019033,-0.6068273092369478
484019034,-0.40789473684210525
484019035,-1.0
484019036,2.4171428571428573
484019037,0.0
484019038,0.0
484019039,0.04729818998546704
484019040,-1.0
484019041,0.0
484019042,-1.0
484019043,-1.0
484019044,2.594858156028369
484019045,0.1510791366906475
484019046,-0.48077131405048207
484019047,4.956521739130435
484019048,5.952167414050822
484019049,0.03333333333333333
484019050,-1.0
484019051,-1.0
484020001,1.1629392971246006
484020002,-0.7890681435107152
484020003,-1.0
484020004,-1.0
484020005,0.0
484020006,0.08163265306122448
484020007,-0.5259391771019678
484020008,-1.0
484020009,0.21772639691714837
484020010,0.0
484020011,0.2111801242236025
484020012,-0.9471830985915493
484020013,-1.0
484020014,0.0
484020015,0.3179427235534775
484020016,-0.25472047389855607
484020017,-0.11946902654867257
484020018,-1.0
484020019,-1.0
484020020,-0.5558312655086849
484020021,-0.38413878562577447
484020022,-1.0
484020023,-0.5595716198125836
484020024,-1.0
484020025,0.0
484020026,-0.8869463869463869
484020027,-1.0
484020028,-0.19576719576719576
484020029,-1.0
484020030,0.0
484020031,-0.9317073170731708
484020032,-0.453416149068323
484020033,-1.0
484020034,-1.0
484020035,-1.0
484020036,-1.0
484020037,-0.8705084745762712
484020038,-1.0
484020039,-0.10287490287490288
484020040,0.0
484020041,-1.0
484020042,-0.7770897832817337
484020043,0.0
484020044,-0.7319453480806767
484020045,-1.0
484020046,-1.0
484020047,-1.0
484020048,0.31797235023041476
484020049,-1.0
484020050,-0.8838475499092558
484020051,-0.4033687943262411
484020052,-1.0
484020053,0.0
484020054,-1.0
484020055,-0.2596899224806202
484020056,-1.0
484020057,0.0
484020058,-1.0
484020059,-0.21502011622708986
484020060,-1.0
484020061,-1.0
484020062,-1.0
484020063,-1.0
484020064,-0.7811111111111111
484020065,-1.0
484020066,0.0
484020067,-0.7861588481189039
484020068,0.7701396348012889
484020069,-1.0
484020070,-1.0
484020071,-1.0
484020072,-0.6819571865443425
484020073,-0.7411792014856081
484020074,-1.0
484020075,0.0
484020076,0.06838709677419355
484020077,-1.0
484020078,-1.0
484020079,0.0
484020080,-1.0
484020081,-0.693359375
484020082,-0.5278450363196125
484020083,-1.0
484020084,-1.0
484020085,-0.8921568627450981
484020086,-1.0
484020087,-0.8292682926829268
484020088,0.42359767891682787
484020089,-0.9556650246305419
484020090,-0.17158671586715868
484020091,-1.0
484020092,-1.0
484020093,-1.0
484020094,-1.0
484020095,-1.0
484020096,-1.0
484020097,-1.0
484020098,-0.8083333333333333
484020099,-1.0
484020100,-1.0
484020101,-1.0
484020102,-1.0
484020103,-0.44036697247706424
484020104,-1.0
484020105,-0.9735391400220507
484020106,-1.0
484020107,-0.9766309639727361
484020108,-0.7003676470588235
484020109,0.3181818181818182
484020110,-1.0
484020111,-0.23399014778325122
484020112,-1.0
484020113,-1.0
484020114,-1.0
484020115,-1.0
484020116,-1.0
484020117,-1.0
484020118,-0.6388888888888888
484020119,-1.0
484020120,-1.0
484020121,-1.0
484020122,-1.0
484020123,-0.5075528700906344
484020124,0.0
484020125,0.0
484020126,-0.7896725440806045
484020127,-1.0
484020128,-1.0
484020129,0.0
484020130,0.0
484020131,-0.6573069559668155
484020132,-1.0
484020133,-1.0
484020134,-0.9245283018867925
484020135,-0.8091517857142857
484020136,0.6261682242990654
484020137,-1.0
484020138,-1.0
484020139,-1.0
484020140,-1.0
484020141,0.0
484020142,-1.0
484020143,0.0
484020144,-1.0
484020145,-1.0
484020146,-1.0
484020147,0.0
484020148,-0.9680696661828737
484020149,0.918918918918919
484020150,0.296137339055794
484020151,-1.0
484020152,1.3433333333333333
484020153,1.0754716981132075
484020154,-0.5592705167173252
484020155,-1.0
484020156,-1.0
484020157,-0.09533898305084745
484020158,1.346938775510204
484020159,1.0478927203065134
484020160,-1.0
484020161,-1.0
484020162,-1.0
484020163,-1.0
484020164,-0.622680412371134
484020165,-1.0
484020166,-0.3836477987421384
484020167,-1.0
484020168,-1.0
484020169,-1.0
484020170,-0.19636363636363635
484020171,-1.0
484020172,-1.0
484020173,-1.0
484020174,-0.45645645645645644
484020175,-1.0
484020176,-0.6041666666666666
484020177,-1.0
484020178,-1.0
484020179,-0.5929919137466307
484020180,-1.0
484020181,1.1714285714285715
484020182,-0.06481481481481481
484020183,-0.4902497985495568
484020184,2.211267605633803
484020185,0.25
484020186,-1.0
484020187,-0.19961612284069097
484020188,-0.5911330049261084
484020189,-0.7597292724196277
484020190,-1.0
484020191,-1.0
484020192,0.35294117647058826
484020193,-1.0
484020194,-1.0
484020195,-1.0
484020196,-1.0
484020197,0.0
484020198,-1.0
484020199,-1.0
484020200,-1.0
484020201,-0.5533845080251221
484020202,0.25
484020203,-1.0
484020204,0.028334485141672427
484020205,-1.0
484020206,-0.8778350515463917
484020207,-0.8836461126005362
484020208,-1.0
484020209,-0.7937293729372937
484020210,-1.0
484020211,-1.0
484020212,0.645964596459646
484020213,-0.7589285714285714
484020214,-1.0
484020215,-1.0
484020216,-0.99375
484020217,-1.0
484020218,-1.0
484020219,-1.0
484020220,-1.0
484020221,-1.0
484020222,-0.96
484020223,-1.0
484020224,-1.0
484020225,-0.9155844155844156
484020226,-1.0
484020227,0.0
484020228,-0.4513011152416357
484020229,-1.0
484020230,7.086956521739131
484020231,-0.4001610305958132
484020232,0.06140350877192982
484020233,-1.0
484020234,-0.6864784546805349
484020235,-1.0
484020236,-0.4808510638297872
484020237,-1.0
484020238,-1.0
484020239,-0.6095238095238096
484020240,-1.0
484020241,-0.6687074829931973
484020242,-1.0
484020243,-1.0
484020244,-0.2631578947368421
484020245,-1.0
484020246,-1.0
484020247,0.0
484020248,0.0
484020249,-1.0
484020250,-1.0
484020251,-1.0
484020252,-1.0
484020253,-1.0
484020254,-0.6706586826347305
484020255,0.0
484020256,-1.0
484020257,-1.0
484020258,-0.43928035982008995
484020259,-0.40397350993377484
484020260,1.7839009287925696
484020261,-1.0
484020262,-1.0
484020263,-0.7651515151515151
484020264,0.0
484020265,-0.4945945945945946
484020266,-1.0
484020267,-1.0
484020268,-1.0
484020269,-1.0
484020270,-1.0
484020271,-0.08049281314168377
484020272,0.18947368421052632
484020273,0.4444444444444444
484020274,-0.914572864321608
484020275,-1.0
484020276,-0.45906113537117904
484020277,-0.45254237288135596
484020278,-0.7224199288256228
484020279,-1.0
484020280,-1.0
484020281,0.0
484020282,-1.0
484020283,9.36
484020284,-0.11976047904191617
484020285,-0.8335949764521193
484020286,-1.0
484020287,-1.0
484020288,-1.0
484020289,-0.3383458646616541
484020290,-0.6683087027914614
484020291,1.093484419263456
484020292,-1.0
484020293,0.23644251626898047
484020294,-0.8092369477911646
484020295,-1.0
484020296,-0.663359319631467
484020297,-0.31864406779661014
484020298,-1.0
484020299,2.5594059405940595
484020300,-1.0
484020301,0.16666666666666666
484020302,-1.0
484020303,-1.0
484020304,0.0
484020305,-1.0
484020306,-1.0
484020307,0.0
484020308,-1.0
484020309,-1.0
484020310,-1.0
484020311,-0.8401585204755614
484020312,-1.0
484020313,-0.8926174496644296
484020314,-1.0
484020315,-1.0
484020316,-1.0
484020317,-0.6580493537015276
484020318,-1.0
484020319,-1.0
484020320,-1.0
484020321,0.0
484020322,-1.0
484020323,-0.6146083613647285
484020324,-0.9684287812041116
484020325,-0.6631439894319683
484020326,0.0
484020327,-1.0
484020328,-1.0
484020329,-1.0
484020330,-1.0
484020331,-1.0
484020332,-1.0
484020333,-0.5123561592152424
484020334,-1.0
484020335,-0.806484295845998
484020336,-0.43506493506493504
484020337,-1.0
484020338,-1.0
484020339,-1.0
484020340,-1.0
484020341,-1.0
484020342,-1.0
484020343,-1.0
484020344,-0.5358490566037736
484020345,-1.0
484020346,-0.9933554817275747
484020347,-0.8769633507853403
484020348,-1.0
484020349,-0.8429951690821256
484020350,0.13962264150943396
484020351,0.8832417582417582
484020352,2.989247311827957
484020353,0.0
484020354,-1.0
484020355,-0.9571788413098237
484020356,-1.0
484020357,-0.9799196787148594
484020358,-1.0
484020359,-1.0
484020360,-1.0
484020361,-1.0
484020362,-1.0
484020363,0.8577549271636675
484020364,-1.0
484020365,-0.0927536231884058
484020366,-0.7050691244239631
484020367,-1.0
484020368,-1.0
484020369,-1.0
484020370,-1.0
484020371,-1.0
484020372,-1.0
484020373,-1.0
484020374,-0.6302083333333334
484020375,-1.0
484020376,-0.5307855626326964
484020377,-0.8591549295774648
484020378,-0.9834710743801653
484020379,-1.0
484020380,-0.8451025056947609
484020381,-1.0
484020382,-1.0
484020383,-0.012178619756427604
484020384,-0.6060985797827904
484020385,-0.7037667071688943
484020386,-1.0
484020387,-0.2986822840409956
484020388,-1.0
484020389,-1.0
484020390,-1.0
484020391,-1.0
484020392,-0.7904468412942989
484020393,-1.0
484020394,-1.0
484020395,-1.0
484020396,-0.26563122262046995
484020397,-0.5611782477341389
484020398,-0.8585185185185186
484020399,-0.030560271646859084
484020400,-0.5071428571428571
484020401,0.3726235741444867
484020402,-1.0
484020403,-1.0
484020404,-1.0
484020405,1.0612244897959184
484020406,0.0
484020407,-1.0
484020408,-1.0
484020409,-1.0
484020410,-1.0
484020411,-1.0
484020412,1.4412256267409471
484020413,0.2797427652733119
484020414,-0.010309278350515464
484020415,-1.0
484020416,2.0186915887850465
484020417,-0.5333333333333333
484020418,-1.0
484020419,-0.8892128279883382
484020420,0.0
484020421,-1.0
484020422,0.0
484020423,-1.0
484020424,-1.0
484020425,0.3488372093023256
484020426,0.0
484020427,-1.0
484020428,-0.1497326203208556
484020429,0.0
484020430,-1.0
484020431,-1.0
484020432,-0.7471852610030706
484020433,-1.0
484020434,-1.0
484020435,-1.0
484020436,-0.111328125
484020437,-1.0
484020438,-0.6748329621380846
484020439,-1.0
484020440,0.0
484020441,-1.0
484020442,-1.0
484020443,-1.0
484020444,-1.0
484020445,-0.9824399260628466
484020446,-0.41055718475073316
484020447,0.115
484020448,-1.0
484020449,-0.4772065955383123
484020450,-1.0
484020451,-1.0
484020452,-1.0
484020453,-1.0
484020454,0.5986622073578596
484020455,-1.0
484020456,-1.0
484020457,-0.7218543046357616
484020458,-0.89272030651341
484020459,-0.6171735241502684
484020460,-1.0
484020461,-1.0
484020462,-1.0
484020463,-1.0
484020464,-0.8265440210249672
484020465,-0.2191659272404614
484020466,-0.46107784431137727
484020467,0.18449197860962566
484020468,-1.0
484020469,-1.0
484020470,0.0
484020471,-1.0
484020472,0.9004739336492891
484020473,-0.6968534151957022
484020474,-1.0
484020475,-0.42857142857142855
484020476,-1.0
484020477,0.0
484020478,-1.0
484020479,-1.0
484020480,-0.13637576728049106
484020481,-0.16872427983539096
484020482,-0.2659732540861813
484020483,9.422818791946309
484020484,-1.0
484020485,-1.0
484020486,0.0
484020487,0.5310344827586206
484020488,-1.0
484020489,0.9913793103448276
484020490,-1.0
484020491,-1.0
484020492,-0.7966666666666666
484020493,-1.0
484020494,-1.0
484020495,-0.7050228310502283
484020496,-0.47586206896551725
484020497,6.0
484020498,-0.9157894736842105
484020499,-1.0
484020500,-1.0
484020501,-1.0
484020502,-0.48148148148148145
484020503,0.0
484020504,-1.0
484020505,3.678125
484020506,0.0
484020507,-0.5432492818384934
484020508,-1.0
484020509,0.875
484020510,-0.3212121212121212
484020511,0.0
484020512,-1.0
484020513,-0.4581383255330213
484020514,-0.07017543859649122
484020515,-0.8728813559322034
484020516,-1.0
484020517,-1.0
484020518,-0.732811626607043
484020519,-1.0
484020520,-1.0
484020521,-1.0
484020522,-1.0
484020523,0.0
484020524,-1.0
484020525,-0.4879032258064516
484020526,13.2
484020527,-0.7832167832167832
484020528,-0.8268156424581006
484020529,-0.44206008583690987
484020530,-1.0
484020531,-0.8622291021671826
484020532,-0.4267942583732057
484020533,-1.0
484020534,-0.3789954337899543
484020535,-1.0
484020536,-1.0
484020537,0.5165562913907285
484020538,-1.0
484020539,-1.0
484020540,-0.758957654723127
484020541,-0.947103274559194
484020542,-0.40848214285714285
484020543,-1.0
484020544,-0.40625
484020545,-0.8254908071050171
484020546,-0.7806451612903226
484020547,0.48664886515353806
484020548,0.0
484020549,-0.10841654778887304
484020550,-0.8798449612403101
484020551,-1.0
484020552,-1.0
484020553,0.0
484020554,-1.0
484020555,-0.5626364033173287
484020556,-0.783851976450799
484020557,-0.18181818181818182
484020558,-1.0
484020559,-0.03278688524590164
484020560,-1.0
484020561,-0.6845238095238095
484020562,0.16666666666666666
484020563,0.0787518573551263
484020564,-0.2571428571428571
484020565,-1.0
484020566,-0.15311004784688995
484021001,0.3165541231839574
484021002,0.28699551569506726
484021003,0.08998512642538424
484021004,0.7796610169491526
484021005,-0.5739299610894941
484021006,-0.705078125
484021007,2.6072234762979685
484021008,-0.390625
484021009,0.375
484021010,-0.6333863696632193
484021011,1.3831775700934579
484021012,2.1487603305785123
484021013,-0.37
484021014,-1.0
484021015,2.418791312559018
484021016,-0.9577777777777777
484021017,-0.8928571428571429
484021018,-0.7231404958677686
484021019,-0.5185130874697559
484021020,0.1375
484021021,-1.0
484021022,-0.38614232209737825
484021023,0.0057553956834532375
484021024,1.0919540229885059
484021025,-0.31004366812227074
484021026,-0.6980994152046783
484021027,-0.8795620437956204
484021028,-1.0
484021029,-1.0
484021030,-1.0
484021031,1.4959349593495934
484021032,2.246031746031746
484021033,-1.0
484021034,-0.47102649006622516
484021035,-0.523444976076555
484021036,-0.5342465753424658
484021037,-1.0
484021038,13.5
484021039,-1.0
484021040,3.6568364611260056
484021041,-0.31826671647366456
484021042,-0.0947867298578199
484021043,-0.5057034220532319
484021044,-0.07367829021372328
484021045,-0.008606421714664018
484021046,0.8960244648318043
484021047,0.5837343599615015
484021048,-0.7133995037220844
484021049,-0.43859649122807015
484021050,0.9105960264900662
484021051,-0.6678164367126574
484021052,-1.0
484021053,-0.6554885404101327
484021054,0.8
484021055,-0.06518518518518518
484021056,-0.75
484021057,-0.903405572755418
484021058,1.2318840579710144
484021059,0.5
484021060,-0.7486437613019892
484021061,-0.7586206896551724
484021062,-0.5365853658536586
484021063,-0.3329831932773109
484021064,-0.9226190476190477
484021065,2.606451612903226
484021066,0.15492957746478872
484021067,5.776859504132231
484021068,-1.0
484021069,-0.6080289455547898
484021070,1.91
484021071,-0.4807790876473603
484021072,-1.0
484021073,0.07742461287693561
484021074,-0.7203631185475258
484021075,-0.4682080924855491
484021076,-0.8120732040426113
484021077,-1.0
484021078,-1.0
484021079,0.9139784946236559
484021080,-1.0
484021081,0.4718498659517426
484021082,0.15568022440392706
484021083,-0.8872180451127819
484021084,-1.0
484021085,-0.23445963373742584
484021086,-0.9552023121387283
484021087,-0.7594752186588921
484021088,-1.0
484021089,-0.7414075286415712
484021090,-0.6052356020942409
484021091,-0.5
484021092,-0.04716981132075472
484021093,7.7988505747126435
484021094,0.23764415156507412
484021095,0.0
484021096,2.212121212121212
484021097,-0.6910569105691057
484021098,0.2843866171003718
484021099,0.0033050047214353163
484021100,-0.4666666666666667
484021101,-1.0
484021102,-0.8007626310772163
484021103,4.472222222222222
484021104,2.3593984962406016
484021105,-0.14772727272727273
484021106,-0.23167028199566161
484021107,1.9375
484021108,16.943181818181817
484021109,-0.627969520394442
484021110,0.25271739130434784
484021111,-0.38498789346246975
484021112,-0.6156756756756757
484021113,0.11794871794871795
484021114,-0.2916966585088856
484021115,0.32623823168235777
484021116,2.797202797202797
484021117,0.8373493975903614
484021118,-0.2740619902120718
484021119,0.16637529137529136
484021120,-0.22767857142857142
484021121,0.6397849462365591
484021122,-0.7645739910313901
484021123,-1.0
484021124,-0.432520325203252
484021125,0.23776223776223776
484021126,-0.2080536912751678
484021127,-0.7455089820359282
484021128,9.779411764705882
484021129,-0.3304082411293399
484021130,5.255813953488372
484021131,-1.0
484021132,0.025205577404361815
484021133,-1.0
484021134,-0.2785185185185185
484021135,-1.0
484021136,-0.2863849765258216
484021137,10.287234042553191
484021138,-0.06182795698924731
484021139,-0.4274193548387097
484021140,-0.21942714819427148
484021141,-0.3769063180827887
484021142,1.144
484021143,-0.1938049393051486
484021144,18.36111111111111
484021145,-0.6266666666666667
484021146,-1.0
484021147,-0.1356968215158924
484021148,-0.4176100628930818
484021149,0.3836363636363636
484021150,-0.40096618357487923
484021151,-0.20434782608695654
484021152,-0.04643449419568822
484021153,0.799645390070922
484021154,1.04314381270903
484021155,-0.5066666666666667
484021156,0.09196080746074843
484021157,1.2598684210526316
484021158,-0.91005291005291
484021159,-0.6538090646094503
484021160,-0.6751054852320675
484021161,0.680566182096404
484021162,-0.49264705882352944
484021163,0.14215686274509803
484021164,-0.09255293837734951
484021165,-0.5067873303167421
484021166,0.21202854230377166
484021167,-0.8521739130434782
484021168,1.6926406926406927
484021169,-0.6881229235880398
484021170,5.625
484021171,-1.0
484021172,-0.5014955134596212
484021173,-0.7552083333333334
484021174,-0.7242740998838559
484021175,-0.5669291338582677
484021176,0.023185483870967742
484021177,0.2010038240917782
484021178,-0.5675340768277571
484021179,0.48824343015214383
484021180,-0.31767658659017567
484021181,-0.16393442622950818
484021182,3.5294117647058822
484021183,-0.4542056074766355
484021184,-0.907051282051282
484021185,0.8151534944480732
484021186,-0.8335650446871897
484021187,-1.0
484021188,-0.3306653326663332
484021189,-0.28343465045592703
484021190,-1.0
484021191,1.521505376344086
484021192,-1.0
484021193,-0.03787878787878788
484021194,-0.24933333333333332
484021195,-0.5324769752787203
484021196,-0.3275862068965517
484021197,-0.23683045595396193
484021198,5.693548387096774
484021199,-0.08412042502951594
484021200,-1.0
484021201,-0.2981029810298103
484021202,-0.5057915057915058
484021203,4.5
484021204,-1.0
484021205,0.38404088050314467
484021206,0.23859191655801826
484021207,-0.8908616187989556
484021208,-0.6887230514096185
484021209,1.5884393063583815
484021210,-1.0
484021211,-0.924924924924925
484021212,-0.6039707419017764
484021213,-0.6013412816691506
484021214,-0.6801282051282052
484021215,-1.0
484021216,-1.0
484021217,0.6272
484022001,-0.35565645100264853
484022002,-0.6685535528079845
484022003,-0.20267624020887728
484022004,-0.34778829437898395
484022005,3.1186046511627907
484022006,0.8254111693475511
484022007,-0.4367126574685063
484022008,-0.7396401479531064
484022009,-0.14000767165324127
484022010,-0.45580331618067466
484022011,-0.2885149485378206
484022012,0.4115428140324406
484022013,-0.28633975481611207
484022014,-0.020560590802282647
484022015,0.6598684210526315
484022016,0.46158656423083794
484022017,-0.18186709712133442
484022018,0.8317610062893082
484023001,0.0
484024001,0.7391132224861441
484024002,0.16244725738396623
484024003,-0.8010505581089954
484024004,0.8647342995169082
484024005,0.00555812876331635
484024006,-0.6941896024464832
484024007,-0.19524336283185842
484024008,0.5812958435207825
484024009,4.260162601626016
484024010,0.0
484024011,-0.36740102700016564
484024012,-0.5872093023255814
484024013,-0.3772661870503597
484024014,-0.6518987341772152
484024015,-0.30413223140495865
484024016,-0.4388590133270984
484024017,-0.31235584843492586
484024018,-0.7341772151898734
484024019,0.6476449275362319
484024020,0.08266916705735271
484024021,0.32382586317821144
484024022,-0.060880424601935684
484024023,-0.6660140955364134
484024024,0.0
484024025,-0.08001255098839033
484024026,-1.0
484024027,0.28152341739577974
484024028,0.12244424561752328
484024029,-0.6704545454545454
484024030,-0.3851931330472103
484024031,-0.7899388171312033
484024032,0.04227691378529368
484024033,0.0
484024034,-0.0898876404494382
484024035,0.4854468521605334
484024036,-0.8599075678798382
484024037,-0.6992619926199262
484024038,3.25
484024039,-0.13636363636363635
484024040,-0.9219512195121952
484024041,0.12215909090909091
484024042,2.3143086816720255
484024043,-0.6970760233918128
484024044,-0.060821917808219175
484024045,3.8992805755395685
484024046,0.2564302416212003
484024047,-0.40085287846481876
484024048,-0.4409081694709102
484024049,0.46362267937782237
484024050,0.060181368507831824
484024051,-0.5589419206440484
484024052,-0.2987012987012987
484024053,-0.7575107296137339
484024054,1.0339578454332552
484025001,0.0
484025002,0.0
484025003,0.0
484025004,-0.26558891454965355
484025005,-0.11288483466362599
484025006,0.0
484025007,0.0
484025008,1.47625
484025009,0.2170978627671541
484025010,0.0
484025011,0.0
484025012,0.0
484025013,0.0
484025014,0.32211538461538464
484025015,0.0
484025016,0.0
484026001,-0.30303030303030304
484026002,0.0
484026003,0.0
484026004,0.0
484026005,-1.0
484026006,-1.0
484026007,0.76
484026008,-1.0
484026009,-1.0
484026010,-1.0
484026011,-1.0
484026012,0.0
484026013,-1.0
484026014,-1.0
484026015,-0.8
484026016,3.107142857142857
484026017,0.0
484026018,0.0
484026019,0.0
484026020,0.0
484026021,0.0
484026022,-1.0
484026023,-0.6968085106382979
484026024,-1.0
484026025,0.0
484026026,0.0
484026027,0.0
484026028,-0.3103448275862069
484026029,0.0
484026030,0.0
484026031,1.55
484026032,-1.0
484026033,0.0
484026034,-1.0
484026035,0.0
484026036,0.0
484026037,-1.0
484026038,0.0
484026039,7.3125
484026040,-1.0
484026041,-0.45879120879120877
484026042,0.0
484026043,0.42999226433860094
484026044,-1.0
484026045,-1.0
484026046,-1.0
484026047,0.0
484026048,0.0
484026049,0.0
484026050,-1.0
484026051,0.0
484026052,0.0
484026053,0.0
484026054,0.0
484026055,0.0
484026056,6.7375
484026057,0.0
484026058,0.9150326797385621
484026059,3.0
484026060,10.125
484026061,-1.0
484026062,-1.0
484026063,0.16666666666666666
484026064,-0.7160493827160493
484026065,0.0
484026066,0.0
484026067,-1.0
484026068,-1.0
484026069,0.0
484027001,0.0
484027002,0.0
484027003,0.0
484027004,0.19657657657657657
484027005,0.0
484027006,0.0
484027007,2.5421686746987953
484027008,0.0
484027009,0.0
484027010,0.0
484027011,-1.0
484027012,0.18205128205128204
484027013,0.0
484027014,0.0
484027015,-0.6620428751576293
484027016,0.0
484027017,-0.46130346232179226
484028001,0.2761904761904762
484028002,-0.46260683760683763
484028003,0.037875489769264255
484028004,-0.922979797979798
484028005,-0.9721362229102167
484028006,-0.44140625
484028007,-0.28888888888888886
484028008,0.0
484028009,-0.20162059103908483
484028010,-1.0
484028011,-0.7696969696969697
484028012,-0.4628175519630485
484028013,1.9921259842519685
484028014,0.0
484028015,0.0
484028016,-0.49667774086378735
484028017,-0.9936406995230525
484028018,-0.11666666666666667
484028019,-0.96
484028020,-1.0
484028021,-0.7952745849297573
484028022,0.0
484028023,0.0
484028024,24.235294117647058
484028025,7.758490566037736
484028026,0.27692307692307694
484028027,0.0
484028028,-1.0
484028029,-0.8348250610252238
484028030,-0.1590909090909091
484028031,-0.6368421052631579
484028032,-1.0
484028033,0.0
484028034,-1.0
484028035,0.0
484028036,-0.41150112023898433
484028037,-0.23363095238095238
484028038,0.0
484028039,-0.05025996533795494
484028040,-1.0
484028041,-0.955617198335645
484029001,-0.7401574803149606
484029002,-0.9568788501026694
484029003,-0.25053763440860216
484029004,0.04454022988505747
484029005,-0.4716893921885833
484029006,-0.08203368683718029
484029007,4.203883495145631
484029008,1.7797202797202798
484029009,-1.0
484029010,-0.7527546358505778
484029011,-0.35365853658536583
484029012,-0.7614035087719299
484029013,1.001111111111111
484029014,-0.3520286396181384
484029015,-0.24336283185840707
484029016,1.0522388059701493
484029017,-0.7984031936127745
484029018,-1.0
484029019,-0.4151624548736462
484029020,0.04879679144385027
484029021,-0.654945054945055
484029022,-0.06571428571428571
484029023,-0.5490367775831874
484029024,-0.8262948207171315
484029025,-0.059714795008912656
484029026,-0.8345679012345679
484029027,-0.4997713763145862
484029028,-0.2667429879793932
484029029,-0.3308522515816896
484029030,0.17650076962544894
484029031,-0.37188434695912265
484029032,-0.08264840182648402
484029033,-0.091792656587473
484029034,-0.7303609341825902
484029035,-0.8814563928873835
484029036,2.9714285714285715
484029037,-0.12800875273522977
484029038,-0.25551232166018156
484029039,-0.5272277227722773
484029040,-0.459915611814346
484029041,-0.7994652406417112
484029042,-0.7771812080536913
484029043,-0.5704225352112676
484030001,3.375
484030002,6.588235294117647
484030003,-0.26646403242147926
484030004,-0.5393526405451448
484030005,-0.8910256410256411
484030006,-0.2757731958762887
484030007,-0.5392156862745098
484030008,-0.4154535274356103
484030009,0.3421905379131562
484030010,-0.37057220708446864
484030011,-0.7294050343249427
484030012,-0.8055555555555556
484030013,92.64285714285714
484030014,-0.782494241526818
484030015,-0.809322033898305
484030016,1.9409722222222223
484030017,-0.7469135802469136
484030018,-1.0
484030019,-0.7075835475578406
484030020,-1.0
484030021,-0.4821705426356589
484030022,-0.0921544209215442
484030023,-0.7801418439716312
484030024,-0.1498422712933754
484030025,3.884160756501182
484030026,-0.5491228070175439
484030027,-0.9453551912568307
484030028,-0.6093814860938148
484030029,0.8741830065359477
484030030,-0.8225806451612904
484030031,-0.6161538461538462
484030032,-0.6625233064014916
484030033,-0.6554054054054054
484030034,0.4528301886792453
484030035,0.19130434782608696
484030036,-0.6234096692111959
484030037,-0.7729885057471264
484030038,0.07471264367816093
484030039,0.0
484030040,6.578947368421052
484030041,-1.0
484030042,0.20319634703196346
484030043,-0.7046292503072511
484030044,-0.1873616079032533
484030045,-0.8147008547008547
484030046,-0.8048048048048048
484030047,-0.6321967579653438
484030048,0.0
484030049,1.5750798722044728
484030050,-0.05519480519480519
484030051,-0.6413043478260869
484030052,-1.0
484030053,-0.36704119850187267
484030054,-0.9688249400479616
484030055,0.5254237288135594
484030056,4.25
484030057,0.26037735849056604
484030058,-0.9648093841642229
484030059,0.0
484030060,6.0625
484030061,0.0
484030062,-0.1759656652360515
484030063,-1.0
484030064,-1.0
484030065,-0.11041229909154437
484030066,-0.41800152555301295
484030067,8.428571428571429
484030068,-0.07219251336898395
484030069,1.3547589616810878
484030070,-0.7085409252669039
484030071,-0.5830188679245283
484030072,-0.7808098591549296
484030073,-1.0
484030074,0.3753501400560224
484030075,-0.595360824742268
484030076,-0.049747048903878585
484030077,-1.0
484030078,8.530864197530864
484030079,-0.5946786454733932
484030080,-0.6437054631828979
484030081,0.0
484030082,-0.7916666666666666
484030083,-0.6323529411764706
484030084,-0.8207359522625559
484030085,3.3367174280879865
484030086,-0.7476235741444867
484030087,-0.2332155477031802
484030088,0.0
484030089,0.13970588235294118
484030090,1.9256410256410257
484030091,-0.5589519650655022
484030092,-0.4341772151898734
484030093,-0.6063760572543917
484030094,-1.0
484030095,-0.30403800475059384
484030096,0.0
484030097,-0.20737704918032787
484030098,2.165991902834008
484030099,-0.6883937479215164
484030100,-0.4344564179511663
484030101,-1.0
484030102,0.0
484030103,-0.07028753993610223
484030104,-0.7197802197802198
484030105,14.115384615384615
484030106,-0.17808904452226113
484030107,0.3967391304347826
484030108,0.0
484030109,-0.12344398340248963
484030110,-1.0
484030111,-0.08227848101265822
484030112,-0.6576239476145931
484030113,0.0
484030114,-0.6561797752808989
484030115,-0.7386788533444121
484030116,-1.0
484030117,0.0
484030118,0.06060606060606061
484030119,0.0
484030120,0.0
484030121,-0.23861754966887416
484030122,-0.49841772151898733
484030123,-0.7482792527040315
484030124,-0.5190373563218391
484030125,1.805982905982906
484030126,0.93
484030127,-0.4474034620505992
484030128,-0.393154486586494
484030129,6.579487179487179
484030130,-0.6356050069541029
484030131,-0.552317880794702
484030132,-0.34576271186440677
484030133,-0.8958333333333334
484030134,-1.0
484030135,-0.8037037037037037
484030136,-0.73
484030137,-1.0
484030138,-0.7753836108390467
484030139,-0.5122319540924192
484030140,0.0
484030141,0.0
484030142,-0.7653631284916201
484030143,-0.24514200298953662
484030144,1.4854881266490765
484030145,-0.5327102803738317
484030146,-1.0
484030147,0.0
484030148,-1.0
484030149,-1.0
484030150,-1.0
484030151,4.828571428571428
484030152,-0.4503105590062112
484030153,-0.018113207547169812
484030154,-0.07314524555903866
484030155,-0.6249388753056234
484030156,-0.7777185501066098
484030157,-0.5042735042735043
484030158,0.1421383647798742
484030159,-0.831304347826087
484030160,-0.07127429805615551
484030161,-0.021241830065359478
484030162,-0.5083333333333333
484030163,0.24852767962308597
484030164,-1.0
484030165,0.0
484030166,-0.7895337773549
484030167,-0.605721802038803
484030168,1.2099202834366696
484030169,-1.0
484030170,1.8994708994708995
484030171,-0.4194214876033058
484030172,-1.0
484030173,-0.4468887492143306
484030174,0.4937185929648241
484030175,-0.14719626168224298
484030176,-0.7582948341033179
484030177,-0.8736426456071076
484030178,-1.0
484030179,-0.32142857142857145
484030180,0.9049079754601227
484030181,-0.5904288377874456
484030182,0.3942598187311178
484030183,-1.0
484030184,-0.8299689440993789
484030185,0.17046818727490998
484030186,-0.5613000376458778
484030187,1.0585585585585586
484030188,-1.0
484030189,-0.458955223880597
484030190,-0.4023756495916852
484030191,-0.7368972746331237
484030192,0.0
484030193,-0.8691588785046729
484030194,-0.882800608828006
484030195,-1.0
484031001,-1.0
484031002,-1.0
484031003,-1.0
484031004,-1.0
484031005,-1.0
484031006,-0.9271844660194175
484031007,0.0
484031008,-1.0
484031009,-1.0
484031010,-1.0
484031011,0.0
484031012,-1.0
484031013,-1.0
484031014,0.0
484031015,-1.0
484031016,-1.0
484031017,-1.0
484031018,-1.0
484031019,0.0
484031020,-1.0
484031021,0.0
484031022,-1.0
484031023,0.0
484031024,-1.0
484031025,-0.8235294117647058
484031026,-1.0
484031027,-1.0
484031028,-1.0
484031029,-1.0
484031030,0.0
484031031,-1.0
484031032,0.0
484031033,-1.0
484031034,0.0
484031035,-1.0
484031036,-1.0
484031037,-1.0
484031038,-0.7003105590062112
484031039,0.0
484031040,-1.0
484031041,-0.46998722860791825
484031042,-1.0
484031043,-1.0
484031044,-1.0
484031045,0.0
484031046,-0.9783001808318263
484031047,-1.0
484031048,-1.0
484031049,-1.0
484031050,-0.6189403584369797
484031051,-1.0
484031052,-1.0
484031053,-0.9992283950617284
484031054,-1.0
484031055,-1.0
484031056,-0.9397656536067375
484031057,-1.0
484031058,-1.0
484031059,0.0
484031060,0.0
484031061,-1.0
484031062,-1.0
484031063,-1.0
484031064,0.0
484031065,0.0
484031066,-0.9283387622149837
484031067,0.0
484031068,-1.0
484031069,-1.0
484031070,-1.0
484031071,0.0
484031072,-1.0
484031073,-1.0
484031074,-1.0
484031075,-1.0
484031076,0.0
484031077,0.0
484031078,-1.0
484031079,-1.0
484031080,-1.0
484031081,0.0
484031082,-1.0
484031083,-1.0
484031084,-1.0
484031085,-1.0
484031086,-1.0
484031087,-0.9065040650406504
484031088,0.0
484031089,-0.9894551845342706
484031090,-1.0
484031091,0.0
484031092,0.0
484031093,-1.0
484031094,-1.0
484031095,0.0
484031096,-1.0
484031097,-1.0
484031098,-1.0
484031099,0.0
484031100,-1.0
484031101,-0.7598039215686274
484031102,-1.0
484031103,-1.0
484031104,-1.0
484031105,-1.0
484031106,-1.0
484032001,-0.5977382875605816
484032002,0.25680087051142547
484032003,-0.4681647940074906
484032004,-0.38827433628318586
484032005,0.4034653465346535
484032006,0.0
484032007,0.0
484032008,0.29310344827586204
484032009,-0.14080656185919344
484032010,0.0
484032011,-0.18233618233618235
484032012,1.7253218884120172
484032013,0.0
484032014,-0.42105263157894735
484032015,0.10697977821265492
484032016,0.6876967636317844
484032017,-0.43557422969187676
484032018,1.3460033538289546
484032019,-0.0008279516476237788
484032020,1.4388888888888889
484032021,-0.05913978494623656
484032022,0.004166666666666667
484032023,0.24731182795698925
484032024,1.6426858513189448
484032025,0.0
484032026,0.0
484032027,-0.34854771784232363
484032028,-0.6041892379920549
484032029,-0.2984054669703872
484032030,-0.015400410677618069
484032031,0.12321660181582361
484032032,-0.7801302931596091
484032033,0.0801154817755323
484032034,-0.7764804003336113
484032035,0.1953344575604272
484032036,-0.5776315789473684
484032037,0.0
484032038,0.0
484032039,0.0
484032040,0.0
484032041,0.06278026905829596
484032042,0.011470281543274244
484032043,-0.08704061895551257
484032044,-0.4225941422594142
484032045,0.3897058823529412
484032046,0.0
484032047,-0.6194267515923567
484032048,0.0
484032049,-0.5379975874547648
484032050,-0.2845849802371542
484032051,-0.7130350194552529
484032052,0.18430969510106202
484032053,1.2208588957055215
