GEO2_MX,perc_migrants
484008004,0.16582865658829968
484008006,0.21145171277070163
484008008,0.004247878122925887
484008013,0.04594969132727638
484008015,0.21301555201185118
484008017,0.009653564246016346
484008019,0.028332714058447492
484008020,0.01932963211971642
484008021,0.029995799090853776
484008022,0.5677354274596874
484008023,0.042796921135707405
484008024,0.1623714651063698
484008025,0.4139154098888433
484008028,0.015493908361077608
484008030,0.06128430721878807
484008031,0.355468117425455
484008037,0.16044401524778806
484008039,0.01664991467602675
484008041,0.03342534565282753
484008042,0.074277044748355
484008043,0.04489183513944585
484008047,0.03809020485627557
484008051,0.10845361920678542
484008054,0.07488516679946323
484008055,0.026694582580608184
484008056,0.02115198421058097
484008057,0.01686495088449877
484008058,0.03760509281872982
484008062,0.042270717366821864
484008065,0.09782035658665479
484010002,0.20267123049557106
484010003,0.1928771197941995
484010008,0.0279073342397059
484010016,0.01705692710410452
484010019,0.03586223484056963
484010020,0.029858311801712275
484010021,0.027327333202639643
484010022,0.13543674536093345
484010024,0.051885372184418604
484010025,0.029174407191921513
484010028,0.10159624749817825
484010029,0.1401534215314346
484010030,0.2575221490547713
484010037,0.10109600208196037
484010038,0.11614239086486358
484018001,0.05440473722528571
484018005,0.5875517843649923
484018016,0.04903514818662194
484025002,0.02279433769740578
484025004,0.048950916315336684
484025005,0.07276380336398691
484025008,0.02599365568804208
484025009,0.025588307142388574
484025014,0.011238514352314332
484026001,0.12583960683019213
484026005,0.03443776701935988
484026006,0.06582253476425624
484026008,0.042311745280309294
484026009,0.24126228733677987
484026010,0.030040074028271968
484026011,0.06254560425923984
484026012,0.08209890153500139
484026013,0.035435135111811365
484026014,0.01770296794908618
484026015,0.09643840568940891
484026016,0.12321044863393506
484026022,0.07825014538584793
484026023,0.02556658281688458
484026024,0.07499437467910097
484026025,0.06536700742093288
484026026,0.014507333523152519
484026028,0.13558640843622263
484026031,0.07107663576143865
484026032,0.13506962032367986
484026034,0.03126198684120618
484026037,0.0935619242150787
484026039,1.2197802194184644
484026040,0.054172942448179016
484026041,0.04226080521996989
484026043,0.05713165528365668
484026044,0.11444830424372873
484026045,0.09956856302787741
484026050,0.1575220937958713
484026053,0.0
484026054,0.11588581917625865
484026056,0.0567686438329549
484026058,0.0786757337513423
484026059,0.3924288241121204
484026061,4.635601992837694
484026062,0.10521212530476116
484026063,0.13400093761342657
484026067,0.05578421948696052
484026068,0.09325620197467466
484001001,0.049528854635667606
484001002,0.08741920741659594
484001003,0.22565955364871476
484001004,0.05327926164172843
484001005,0.07539690464303545
484001006,0.08369499224213532
484001007,0.13791178112786154
484001008,0.0721268954509178
484002001,0.02664971039056583
484002002,0.020361566135658652
484002003,0.03306217194002384
484002004,0.023520553801852407
484003001,0.016387054432093196
484004001,0.0
484004002,0.007256311783814101
484004003,0.01669833579969797
484004004,0.000943040362127499
484004005,0.0021815915229586535
484004006,0.0019843342036553525
484005001,0.044131455399061034
484005002,0.025702159069939102
484005003,0.0428314606741573
484005004,0.041743159367077544
484005005,0.008059873344847437
484005006,0.03640256959314775
484005007,0.04357798165137615
484005008,0.026643598615916954
484005009,0.016958125253666027
484005010,0.020945573752871788
484005011,0.007388371345968519
484005012,0.044147843942505136
484005013,0.02254722730042657
484005014,0.0478330658105939
484005015,0.0251414204902577
484005016,0.033534909290819134
484005017,0.026573452508993806
484005018,0.03701225280937767
484005019,0.0425075139544869
484005020,0.012975004036341753
484005021,0.030332365279122298
484005022,0.0381752524135898
484005023,0.036360488269413904
484005024,0.008504528385244091
484005025,0.034339826554550965
484005026,0.03288145370637439
484005027,0.036900905665366565
484005028,0.027648448043184885
484005029,0.0043308791684712
484005030,0.016589485342470494
484005031,0.0171669837145641
484005032,0.024945717732207478
484005033,0.03494602551521099
484005034,0.00705408128988915
484005035,0.016246968965970963
484005036,0.026887379198162854
484005037,0.03566121842496285
484005038,0.013939838591342627
484006001,0.03175321055565489
484006002,0.05082077493359594
484006003,0.07078269324258629
484006004,0.07924707371085099
484006005,0.07798895928272387
484006006,0.07622203811101906
484006007,0.027712064886786077
484006008,0.04125614116430234
484006009,0.04214175333082738
484007001,0.04157574365453084
484007002,0.01388129102844639
484007003,0.038391358295014964
484007004,0.019970174414834986
484007005,0.006543584949754616
484007006,0.15122322640447577
484007007,0.0013157894736842105
484007008,0.07592026771424415
484007009,0.039640987284966345
484007010,0.046856877754581305
484007011,0.09612149995052933
484007012,0.0020504217344703853
484007013,0.008301625735039779
484007014,0.0023890970299180105
484007015,0.03826220199197801
484007016,0.014689194300844786
484007017,0.022711105256224478
484007018,0.01627339300244101
484007019,0.03423808506091045
484007020,0.017320276392257358
484007021,0.0067243035542747355
484007022,0.0002146690518783542
484007023,0.05018951771010326
484007024,0.007624360762436076
484007025,0.005051719990377676
484007026,0.0027142110112303593
484007027,0.010513107471088955
484007028,0.014189346359618516
484007029,0.0
484007030,0.06896001022102977
484007031,0.0031661206786112992
484007032,0.03929566255471548
484007033,0.029142857142857144
484007034,0.06149574669187145
484007035,0.02191981747066493
484007036,0.04130845040889075
484007037,0.03393713535143721
484007038,0.0023987582898264428
484007039,0.013547076089410703
484007040,0.04492286169509968
484007041,0.05434400693354571
484007042,0.004878489475110669
484007043,0.005847953216374269
484007044,0.0009707559762164785
484007045,0.005479452054794521
484007046,0.010516475812105632
484007047,0.01006585640092092
484007048,0.007195209152663568
484007049,0.001700147644400698
484007050,0.00919963201471941
484007051,0.04717896585185528
484007052,0.0809160683746561
484007053,0.028869084975524036
484007054,0.035471644139312024
484007055,0.0077267181781211875
484007056,0.009774908079992825
484007057,0.02557078935291418
484007058,0.002142857142857143
484007059,0.010093919058271065
484007060,0.00471976401179941
484007061,0.02200316417183887
484007062,0.0024640657084188913
484007063,0.012440444679724723
484007064,0.0
484007065,0.006308978161229442
484007066,0.001687847498014297
484007067,0.005817174515235457
484007068,0.012732682859317694
484007069,0.02951246371008109
484007070,0.02077729962345347
484007071,0.04793004996431121
484007072,0.011508951406649617
484007073,0.00862267187859278
484007074,0.014553596417576267
484007075,0.012819548872180451
484007076,0.004227075531165412
484007077,0.0008126410835214447
484007078,0.011789137037315276
484007079,0.022328974290543546
484007080,0.06531393993227114
484007081,0.007119374714245281
484007082,0.0
484007083,0.041172870416736215
484007084,0.004817618719889883
484007085,0.0014916467780429594
484007086,0.0017316445675836136
484007087,0.02176416074587885
484007088,0.06495263870094722
484007089,0.017889832179167436
484007090,0.026123046875
484007091,0.005912596401028277
484007092,0.010877550536768017
484007093,0.0029538682831603824
484007094,0.0164756446991404
484007095,0.006175347363289185
484007096,0.04430800655535235
484007097,0.005700325732899023
484007098,0.06515766596957395
484007099,0.0049697008560710505
484007100,0.012216838005525112
484007101,0.01128072445019405
484007102,0.04057454798869488
484007103,0.08093538282217527
484007104,0.054606056308063255
484007105,0.019453846406624824
484007106,0.0479518855656697
484007107,0.02746515125516044
484007108,0.002681668464161833
484007109,0.0
484007110,0.006955591225254147
484008001,0.02607204116638079
484008002,0.058857808857808856
484008003,0.04077358955407736
484008005,0.016733033974413284
484008007,0.00838519733164387
484008009,0.04214341863918246
484008010,0.032668655252727496
484008011,0.037129745515227366
484008012,0.032790010485177774
484008014,0.08258527827648116
484008016,0.051909029684505
484008018,0.028426697503511317
484008026,0.0323036187113857
484008027,0.006071202136448347
484008029,0.07520569814564657
484008032,0.10032181334825802
484008033,0.0376863985539991
484008034,0.06472708179192821
484008035,0.03782958879605133
484008036,0.0611065235342692
484008038,0.06398769724525274
484008040,0.10866834170854271
484008044,0.010531471956894441
484008045,0.012048192771084338
484008046,0.07542704702895744
484008048,0.06121054788905588
484008049,0.008491710473109584
484008050,0.05180660828611377
484008052,0.060587882423515295
484008053,0.0323791079101858
484008059,0.025974025974025976
484008060,0.047220764791210144
484008061,0.01005426109160549
484008063,0.005507016150383902
484008064,0.0
484009001,0.02104748990694331
484009002,0.019559062444346718
484009003,0.02002567178704162
484009004,0.01086687689358808
484009005,0.019152189020152883
484009006,0.025547762128907824
484010001,0.0929246594384209
484010004,0.0473384982472678
484010005,0.053865752200635136
484010006,0.0862554389557205
484010007,0.022650541929520086
484010009,0.026729238930830443
484010010,0.04030161206448258
484010011,0.07498897220996913
484010012,0.03542752500352162
484010013,0.07622243528283797
484010014,0.02349206349206349
484010015,0.06673306772908366
484010017,0.0650887573964497
484010018,0.05502101821578702
484010023,0.012211811769659964
484010026,0.020384242980176322
484010027,0.10908519333542911
484010031,0.1138054560484982
484010032,0.10516089595249531
484010033,0.0414181577203446
484010034,0.05505353481661478
484010035,0.057349268640742065
484010036,0.028355472069412763
484011001,0.16263547141727522
484011002,0.14214573015568993
484011003,0.1694532967555136
484011004,0.2608802557167445
484011005,0.14071739207716646
484011006,0.12572706935123043
484011007,0.05750833500531476
484011008,0.28948360346777235
484011009,0.18529689704721097
484011010,0.2253759080925832
484011011,0.0871747639880267
484011012,0.2093192573716782
484011013,0.24148262283855504
484011014,0.2564109481863188
484011015,0.06461037824976382
484011016,0.34333249306780944
484011017,0.05706365207373272
484011018,0.09137766969761049
484011019,0.45657457274512475
484011020,0.05386286328935329
484011021,0.11711855608353632
484011022,0.1807959570435881
484011023,0.09188465930976693
484011024,0.1949509116409537
484011025,0.09040531056263891
484011026,0.10595408895265424
484011027,0.0623767582489812
484011028,0.06881059846205283
484011029,0.40940679085744486
484011030,0.29633603448438134
484011031,0.11163535699984331
484011032,0.10060905305136936
484011033,0.18381793007961233
484011034,0.20707964601769913
484011035,0.13857734098553334
484011036,0.2241215574548908
484011037,0.11799257798909892
484011038,0.12561857632280168
484011039,0.16948320189502267
484011040,0.18321662899046148
484011041,0.038246775707861835
484011042,0.11975272937603933
484011043,0.2121586861891571
484011044,0.04972591284957725
484011045,0.30596201743462015
484011046,0.12041501029067636
484012001,0.03490065542868699
484012002,0.1449837928688623
484012003,0.10717739882921863
484012004,0.261989108020938
484012005,0.16434962147281487
484012006,0.08143226282761167
484012007,0.08625404708766857
484012008,0.06696428571428571
484012009,0.0967741935483871
484012010,0.06459211976138911
484012011,0.08804524726469973
484012012,0.10342686254963802
484012013,0.10902176209592225
484012014,0.06901227519269197
484012015,0.07482939215997461
484012016,0.05937408599005557
484012017,0.11982541991800026
484012018,0.09013640414010556
484012019,0.0829349407607566
484012020,0.06372888581019875
484012021,0.047146570849155474
484012022,0.04504270066948972
484012023,0.07145999853340178
484012024,0.05559097284202474
484012025,0.03592432509034224
484012026,0.17639046538024972
484012027,0.13102547986268917
484012028,0.09064261226160628
484012029,0.029788372170773295
484012030,0.11115037100600676
484012031,0.10259094477885371
484012032,0.045379989065062874
484012033,0.10442595183739597
484012034,0.0908351409978308
484012035,0.04838778896772717
484012036,0.04909006066262249
484012037,0.2009472259810555
484012038,0.03903012655392541
484012039,0.04562920268972142
484012040,0.0474779761440711
484012041,0.05241975802419758
484012042,0.12773554480534438
484012043,0.08701873393571637
484012044,0.059631766968947515
484012045,0.0726294552790854
484012046,0.07525115611545208
484012047,0.20909221282088053
484012048,0.03719302937112805
484012049,0.09748570391213579
484012050,0.0381403193775674
484012051,0.05310128083491461
484012052,0.06057081714777512
484012053,0.06683509416628387
484012054,0.06077269156609298
484012055,0.06035597474709059
484012056,0.04406425848611363
484012057,0.055789405517420024
484012058,0.116801823685489
484012059,0.08801754867013985
484012060,0.14520749173705472
484012061,0.02468459949734989
484012062,0.12312992590495069
484012063,0.03308860504877804
484012064,0.0764908160697811
484012065,0.24574111334674714
484012066,0.09844585230647397
484012067,0.10188824333561175
484012068,0.1718967636214666
484012069,0.13286713286713286
484012070,0.05648669852364311
484012071,0.017504051863857374
484012072,0.08191483789870634
484012073,0.07877092491452423
484012074,0.029671648303698048
484013001,0.20139830950641763
484013002,0.058170515097690945
484013003,0.07857246167196992
484013004,0.112565445026178
484013005,0.0775503221759708
484013006,0.13541109804340853
484013007,0.06782464846980976
484013008,0.045180012268201765
484013009,0.055045357822824506
484013010,0.031013142340588277
484013011,0.0057574477075850415
484013012,0.13384548798961263
484013013,0.0159547092125579
484013014,0.05265429434613725
484013015,0.18436831951613744
484013016,0.08144307230019422
484013017,0.07161458333333333
484013018,0.1527496662503768
484013019,0.10334561235303023
484013020,0.14561717352415027
484013021,0.02565650467853909
484013022,0.04884521589441974
484013023,0.09288554509826358
484013024,0.1941988950276243
484013025,0.034513921762706026
484013026,0.019877800407331975
484013027,0.04714640198511166
484013028,0.017434843592001828
484013029,0.09139105716735099
484013030,0.13527484782305654
484013031,0.21803977272727273
484013032,0.04055045871559633
484013033,0.11400753768844221
484013034,0.0498202875399361
484013035,0.14058114578174014
484013036,0.1437670609645132
484013037,0.1722532136793597
484013038,0.057215836526181355
484013039,0.05921757770632369
484013040,0.21152328334648776
484013041,0.07250950132442704
484013042,0.07807601880877743
484013043,0.252679359475476
484013044,0.0551980198019802
484013045,0.1162962962962963
484013046,0.009201730239874164
484013047,0.28481764206955046
484013048,0.0175419530365829
484013049,0.2302850796001481
484013050,0.01933936842434136
484013051,0.04612722834986251
484013052,0.07643063905588955
484013053,0.05848007414272474
484013054,0.11407537909771598
484013055,0.05472010978329236
484013056,0.08943385242322806
484013057,0.33591613491340017
484013058,0.16234142385448647
484013059,0.16048167660510623
484013060,0.03782910552531877
484013061,0.08028222077610714
484013062,0.03418950262004982
484013063,0.04881642274825656
484013064,0.060185841963399066
484013065,0.01784884261411174
484013066,0.0785638771998922
484013067,0.13853492333901193
484013068,0.022614682178935863
484013069,0.21894736842105264
484013070,0.07338611449451887
484013071,0.07149579352630829
484013072,0.03393963621826904
484013073,0.057028974398283
484013074,0.02693928033084683
484013075,0.0650076945745064
484013076,0.003212047812121531
484013077,0.0350373348650201
484013078,0.021007529431340738
484013079,0.08428949691085613
484013080,0.05795768169273229
484013081,0.03441886438053659
484013082,0.179631445826666
484014001,0.11701011257393627
484014002,0.09699701170822515
484014003,0.08284923928077455
484014004,0.12235510579576817
484014005,0.04276339002187566
484014006,0.0846774893653963
484014007,0.14484563055991628
484014008,0.07311004998214923
484014009,0.05711959050721266
484014010,0.075973669775096
484014011,0.07596899224806201
484014012,0.11682785299806576
484014013,0.03620952645080774
484014014,0.11170878158618965
484014015,0.049749438396405735
484014016,0.09934765232189362
484014017,0.09544203120220252
484014018,0.08123940188068444
484014019,0.028600914049830457
484014020,0.015625
484014021,0.06429451340850943
484014022,0.018430267765461677
484014023,0.045085350318471336
484014024,0.09866696207673277
484014025,0.09232939701118194
484014026,0.10403143149982917
484014027,0.04715225214046408
484014028,0.22469823584029713
484014029,0.151123595505618
484014030,0.04537065837221358
484014031,0.11373903800159448
484014032,0.10592490527040992
484014033,0.24932187025883867
484014034,0.03543307086614173
484014035,0.128530990727184
484014036,0.060263128553907905
484014037,0.03902417268753902
484014038,0.12305565157276184
484014039,0.02789600708682908
484014040,0.05429368400079697
484014041,0.13693799588598296
484014042,0.08751139471285324
484014043,0.08635346756152125
484014044,0.025667799902865468
484014045,0.1582956176178386
484014046,0.11695005814501681
484014047,0.0791381475031388
484014048,0.21658986175115208
484014049,0.1188422247446084
484014050,0.06778201787043932
484014051,0.04610822831727205
484014052,0.09265614275909403
484014053,0.13298256677045153
484014054,0.05748413587159388
484014055,0.06565344172483874
484014056,0.1426301152165276
484014057,0.1430477715505738
484014058,0.09369230769230769
484014059,0.0989922940130409
484014060,0.1885676741130092
484014061,0.020266264216029752
484014062,0.112758813654169
484014063,0.037363933722987824
484014064,0.2076656838866812
484014065,0.08611656843483956
484014066,0.09582833257459752
484014067,0.02425418002184138
484014068,0.13666582512833458
484014069,0.1563758389261745
484014070,0.02929837523866654
484014071,0.15897597977243996
484014072,0.19897523484201537
484014073,0.08219157502553934
484014074,0.18847607501961064
484014075,0.02542826552462527
484014076,0.04916567342073898
484014077,0.07233266035098618
484014078,0.11298544814162573
484014079,0.06691401418993687
484014080,0.0832034901838579
484014081,0.10564516129032259
484014082,0.08530474657596647
484014083,0.043107594106588557
484014084,0.06618901398839987
484014085,0.09418880967811623
484014086,0.04667476800707026
484014087,0.1015498496414527
484014088,0.056991191740068836
484014089,0.08288236969524353
484014090,0.06062407132243685
484014091,0.21514484160596306
484014092,0.06980370574206568
484014093,0.09544590072093058
484014094,0.059401179418389814
484014095,0.08938136750341351
484014096,0.11370485314622408
484014097,0.01899306096523292
484014098,0.03510857857043012
484014099,0.1702944942381562
484014100,0.05904501589780778
484014101,0.04651463467717085
484014102,0.09565489215379806
484014103,0.03941933199575121
484014104,0.12899709302325582
484014105,0.13897223412868506
484014106,0.043705463182897863
484014107,0.0842040565457898
484014108,0.031154210555648442
484014109,0.14782370654256774
484014110,0.10008462189399185
484014111,0.10257245197004233
484014112,0.15977084659452578
484014113,0.09883180671711138
484014114,0.06432131339783055
484014115,0.09363894811656005
484014116,0.19154661135713885
484014117,0.1377750979801025
484014118,0.12335706462212487
484014119,0.07772438836518358
484014120,0.04036337534386382
484014121,0.04859199661232268
484014122,0.09651324965132496
484014123,0.0793882829191499
484014124,0.08339004021033096
484015001,0.06235850312957784
484015002,0.025901942645698426
484015003,0.010057895334317175
484015004,0.07396820970440603
484015005,0.019941934187459726
484015006,0.060392291810048175
484015007,0.01887665402054224
484015008,0.0889554413371646
484015009,0.014956535704964767
484015010,0.015299026425591099
484015011,0.020827843565027582
484015012,0.035704551648950665
484015013,0.016177464230963157
484015014,0.0243612596553773
484015015,0.07644865174985657
484015016,0.01669692902818347
484015017,0.022243713733075435
484015018,0.012573130518029997
484015019,0.019158181875852442
484015020,0.01290206842114705
484015021,0.17410652968161966
484015022,0.004652226967663209
484015023,0.01094409282700422
484015024,0.0214371052539843
484015025,0.026945553547214167
484015026,0.020491507047343694
484015027,0.0077020659659296845
484015028,0.003899463341183738
484015029,0.01981872835541129
484015030,0.0029452026382378563
484015031,0.02431994235272924
484015032,0.050514499532273154
484015033,0.004448952537811075
484015034,0.02014163288346077
484015035,0.016123115981750216
484015036,0.018133616118769885
484015037,0.028463646636376648
484015038,0.1477720388689486
484015039,0.08023774145616643
484015040,0.03792945164365665
484015041,0.015611705079353335
484015042,0.012989966174923965
484015043,0.020593229524188014
484015044,0.0083347605183536
484015045,0.02992050318860837
484015046,0.06799016452959718
484015047,0.1019505646371318
484015048,0.01977520493535029
484015049,0.01082011740346867
484015050,0.10561130529559891
484015051,0.013587065273942451
484015052,0.013180315657153498
484015053,0.01593797113934956
484015054,0.04848313013892827
484015055,0.016409661900951535
484015056,0.007551148344446344
484015057,0.025585863728178938
484015058,0.02360540223135643
484015059,0.011305896384400478
484015060,0.10535737534175238
484015061,0.08009257849377227
484015062,0.03858501783590963
484015063,0.077715934858792
484015064,0.010339789457910314
484015065,0.0627463627893643
484015066,0.0
484015067,0.023458170593423207
484015068,0.03120476113881293
484015069,0.007117728871799067
484015070,0.0323050323050323
484015071,0.05251213096696389
484015072,0.014407705694281436
484015073,0.011263432971394234
484015074,0.08652931854199683
484015075,0.052205220522052204
484015076,0.03104269433577139
484015077,0.09418797205056748
484015078,0.023487134470839964
484015079,0.11492931963795383
484015080,0.010464787404544169
484015081,0.016769355963729367
484015082,0.0960595867371456
484015083,0.05537579735601368
484015084,0.006241826833261904
484015085,0.03083410492966388
484015086,0.010055763780967182
484015087,0.055730272296040044
484015088,0.016593483517882143
484015089,0.015725490944483674
484015090,0.014058973694920271
484015091,0.025947212767144692
484015092,0.00900308677260775
484015093,0.07523183688509488
484015094,0.015707834282348322
484015095,0.011026270088485817
484015096,0.03769017980636238
484015097,0.07684195725534308
484015098,0.01718901311735188
484015099,0.1262065356436795
484015100,0.02008573163268043
484015101,0.0876167275680065
484015102,0.021072589382448537
484015103,0.02608738534372226
484015104,0.058156405173999226
484015105,0.02396296210129586
484015106,0.04346198906534757
484015107,0.1028442009902033
484015108,0.013033561420658195
484015109,0.030932937391734718
484015110,0.08043013457426738
484015111,0.015906712513081178
484015112,0.2025931928687196
484015113,0.016539994819405747
484016001,0.051198368179500256
484016002,0.12893982808022922
484016003,0.26319933080745955
484016004,0.19596359536968297
484016005,0.0697347765016938
484016006,0.07299423516950866
484016007,0.14221364221364222
484016008,0.06659047953936091
484016009,0.05956779755906393
484016010,0.038980509745127435
484016011,0.1160456014973626
484016012,0.04693735498839907
484016013,0.10315860215053764
484016014,0.07242360148785647
484016015,0.10905101481075151
484016016,0.23490587961887055
484016017,0.15528458529576117
484016018,0.18169282986847687
484016019,0.16074027864420878
484016020,0.092854024159511
484016021,0.0793509272467903
484016022,0.15184638109305762
484016023,0.19803879769771904
484016024,0.11117956760389829
484016025,0.07481711977290097
484016026,0.16464015773907328
484016027,0.3609724332537443
484016028,0.1289198606271777
484016029,0.117655050607975
484016030,0.18511050794881737
484016031,0.1521057652991686
484016032,0.06103948428686543
484016033,0.10790774998515654
484016034,0.08437029526530863
484016035,0.2049005097845749
484016036,0.22213365218546566
484016037,0.14034294955644874
484016038,0.09217523423651558
484016039,0.13138826546970184
484016040,0.13966521106259097
484016041,0.08841687490812877
484016042,0.08591158893179306
484016043,0.09568775574441298
484016044,0.10059086323677763
484016045,0.09829153035259905
484016046,0.21303057426862015
484016047,0.18158273381294965
484016048,0.08816909140818008
484016049,0.11473156232584061
484016050,0.03957652448392413
484016051,0.06394548647621984
484016052,0.32608695652173914
484016053,0.1092373952730935
484016054,0.07196914568476204
484016055,0.0698284340509234
484016056,0.0934636220950838
484016057,0.09189366590088612
484016058,0.046906591184795794
484016059,0.06173206921474427
484016060,0.13165103782530818
484016061,0.10901320405689864
484016062,0.12337892703693484
484016063,0.14825080967525459
484016064,0.08215948811445427
484016065,0.17491239531983133
484016066,0.05291589448365601
484016067,0.10945628376885533
484016068,0.10158647254684337
484016069,0.14543372459204124
484016070,0.13000371793282936
484016071,0.09850299401197604
484016072,0.032870919168295265
484016073,0.055652053081358996
484016074,0.06549639372083156
484016075,0.15747691776684788
484016076,0.14313566562246707
484016077,0.09408882402001668
484016078,0.10675039246467818
484016079,0.0884820856186338
484016080,0.05745098039215686
484016081,0.11570064401510105
484016082,0.06346551514414304
484016083,0.09267008639308855
484016084,0.07006913695331314
484016085,0.050037829727754196
484016086,0.07260916043088562
484016087,0.022169320041660466
484016088,0.02912922218779052
484016089,0.16868512110726644
484016090,0.0862758740650548
484016091,0.09375
484016092,0.043577794129670507
484016093,0.12375124875124875
484016094,0.09860985191900877
484016095,0.11510104290025595
484016096,0.14226738647189585
484016097,0.09822942812563598
484016098,0.10628117682988904
484016099,0.04524658462088972
484016100,0.17831118731247322
484016101,0.15
484016102,0.0988261421319797
484016103,0.0521086847807968
484016104,0.03755467977626999
484016105,0.07966470680847136
484016106,0.10647571606475716
484016107,0.1435017289364932
484016108,0.0710353866317169
484016109,0.06872030255034425
484017001,0.08480405976881872
484017002,0.05640386413212839
484017003,0.05838148558426395
484017004,0.06723487279542012
484017005,0.030944279030199914
484017006,0.05172829305239964
484017007,0.025178553796530955
484017008,0.029259896729776247
484017009,0.017027073046143367
484017010,0.12038312257418304
484017011,0.043579858057390626
484017012,0.04178626628394789
484017013,0.09660678642714571
484017014,0.06760716223548562
484017015,0.14030301758509253
484017016,0.054854079809410365
484017017,0.058533776867963155
484017018,0.04329255382802647
484017019,0.15058543361778132
484017020,0.07695516674437437
484017021,0.08412397216951296
484017022,0.09247178212695455
484017023,0.0035865666775350504
484017024,0.08373928593451317
484017025,0.06969271564498518
484017026,0.027737140850839722
484017027,0.033954100827689994
484017028,0.054315354059288924
484017029,0.07531658020894812
484017030,0.04049790002828978
484017031,0.051244863427604544
484017032,0.09341512657244914
484018002,0.18139932863818864
484018003,0.07984517058241065
484018004,0.053230360830817953
484018006,0.03999696129448855
484018007,0.1481807189183247
484018008,0.07532771633459472
484018009,0.026433915211970076
484018010,0.04708840505171724
484018011,0.07966281225174332
484018012,0.044305794955208665
484018013,0.09854522454142947
484018014,0.06591865357643759
484018015,0.13160159191136925
484018017,0.046846502947788096
484018018,0.055408523344191093
484018019,0.03215329652484573
484019001,0.00741839762611276
484019002,0.0015067805123053742
484019003,0.011931394481730051
484019004,0.016671774440698745
484019005,0.05325730270590134
484019006,0.012455376669614496
484019007,0.015354958787556501
484019008,0.022358264572797444
484019009,0.007223618090452261
484019010,0.006284731410426039
484019011,0.03769174579985391
484019012,0.007843798760173744
484019013,0.004022121669180492
484019014,0.035780852866421915
484019015,0.014628437682855471
484019016,0.015306122448979591
484019017,0.012241286072464481
484019018,0.008501314028554984
484019019,0.03139915004903563
484019020,0.0036518563603164943
484019021,0.016820366644310306
484019022,0.02926829268292683
484019023,0.03733121525019857
484019024,0.007897334649555774
484019025,0.006639272192215902
484019026,0.016355406230729532
484019027,0.008946322067594433
484019028,0.024065864471184292
484019029,0.048654244306418216
484019030,0.0005621135469364812
484019031,0.014202719019020588
484019032,0.02531645569620253
484019033,0.03158816141677344
484019034,0.014011799410029498
484019035,0.056009334889148193
484019036,0.05222321695016413
484019037,0.014925373134328358
484019038,0.025103762217164278
484019039,0.01340058708345579
484019040,0.008754863813229572
484019041,0.0
484019042,0.006169665809768638
484019043,0.005339435545385202
484019044,0.03359542530378842
484019045,0.008472768278930846
484019046,0.02081566936662277
484019047,0.007817368152721917
484019048,0.009946328481586655
484019049,0.021288458614222718
484019050,0.0036572622779519333
484019051,0.015796703296703296
484020001,0.2887453874538745
484020002,0.09197616991119084
484020003,0.004408817635270541
484020004,0.17145688800792863
484020005,0.02952630460950223
484020006,0.0446621852569215
484020007,0.2295687885010267
484020008,0.02494061757719715
484020009,0.07323267955411317
484020010,0.014492753623188406
484020011,0.13987836663770634
484020012,0.09189947147017581
484020013,0.1537077033837293
484020014,0.010622811504111422
484020015,0.36520811099252937
484020016,0.31742860500646375
484020017,0.20533010296789825
484020018,0.04151404151404151
484020019,0.04101049868766404
484020020,0.10453955901426719
484020021,0.055149320030069025
484020022,0.03154205607476635
484020023,0.040983156855214795
484020024,0.027880063124671225
484020025,0.017643142476697737
484020026,0.11205432937181664
484020027,0.004891969017529555
484020028,0.08735620377978635
484020029,0.0016439643024894317
484020030,0.006562284135390283
484020031,0.1383826110436074
484020032,0.1558567279767667
484020033,0.05120732722731058
484020034,0.06986591390261115
484020035,0.02099236641221374
484020036,0.014079147640791476
484020037,0.3406466512702079
484020038,0.0361328125
484020039,0.09290272283660093
484020040,0.0
484020041,0.0005529826501693509
484020042,0.03555310952118877
484020043,0.009815563278245619
484020044,0.03891533319829856
484020045,0.04884430876580898
484020046,0.10956836703893752
484020047,0.1111111111111111
484020048,0.1664110429447853
484020049,0.10308370044052863
484020050,0.1460763520678685
484020051,0.25948930296756384
484020052,0.1032891799374907
484020053,0.0
484020054,0.03950617283950617
484020055,0.14763948497854076
484020056,0.02074688796680498
484020057,0.016864329466962074
484020058,0.0032015486560941107
484020059,0.05603286326177893
484020060,0.12815884476534295
484020061,0.1665360501567398
484020062,0.06825938566552901
484020063,0.038893239363090575
484020064,0.12526096033402923
484020065,0.1981212638770282
484020066,0.014778325123152709
484020067,0.041168394604703104
484020068,0.043429584363483695
484020069,0.08183306055646482
484020070,0.021547502448579822
484020071,0.05559189012426422
484020072,0.049583017437452616
484020073,0.13734617101319901
484020074,0.1984126984126984
484020075,0.015849056603773583
484020076,0.23287259615384615
484020077,0.026928471248246846
484020078,0.047619047619047616
484020079,0.025273082951604475
484020080,0.03541185527328714
484020081,0.2713301536830949
484020082,0.20932589964521034
484020083,0.05781286278151846
484020084,0.05150103519668737
484020085,0.07263663877514688
484020086,0.05148741418764302
484020087,0.08114794656110837
484020088,0.18537110075295804
484020089,0.09450651769087523
484020090,0.07816556100374963
484020091,0.032665431890890724
484020092,0.025748086290883786
484020093,0.03765690376569038
484020094,0.002635740643120717
484020095,0.0710876664154735
484020096,0.027202072538860103
484020097,0.057209573847051956
484020098,0.10973936899862825
484020099,0.1940928270042194
484020100,0.4024144869215292
484020101,0.16942148760330578
484020102,0.042282336894748807
484020103,0.019600791224599894
484020104,0.06539074960127592
484020105,0.11168575298608546
484020106,0.020833333333333332
484020107,0.05089449427622776
484020108,0.12692487167522165
484020109,0.023887079261672096
484020110,0.10043668122270742
484020111,0.0923987255348202
484020112,0.11764705882352941
484020113,0.21173559561682573
484020114,0.0413589364844904
484020115,0.02870264064293915
484020116,0.0012339585389930898
484020117,0.08959537572254335
484020118,0.37987012987012986
484020119,0.020050125313283207
484020120,0.005434782608695652
484020121,0.059541984732824425
484020122,0.023809523809523808
484020123,0.12245652978172401
484020124,0.010201715743102248
484020125,0.04363803399173174
484020126,0.15832502492522432
484020127,0.046420141620771044
484020128,0.12520325203252033
484020129,0.0
484020130,0.01778496362166532
484020131,0.13590633130962707
484020132,0.02986279257465698
484020133,0.05011332158146563
484020134,0.01072570526571417
484020135,0.13203654582964927
484020136,0.03181683021112102
484020137,0.05418863503222027
484020138,0.041666666666666664
484020139,0.041666666666666664
484020140,0.01818181818181818
484020141,0.011907625691604522
484020142,0.010398613518197574
484020143,0.009282039812122568
484020144,0.06756756756756757
484020145,0.05457746478873239
484020146,0.08139534883720931
484020147,0.0
484020148,0.3542416452442159
484020149,0.04956463496316142
484020150,0.043522928925002334
484020151,0.025510204081632654
484020152,0.13979496738117428
484020153,0.044915254237288135
484020154,0.1374843292937735
484020155,0.05851063829787234
484020156,0.12161768984579575
484020157,0.029964448958862366
484020158,0.04432383536861149
484020159,0.09632773574460232
484020160,0.09443631039531479
484020161,0.0625244236029699
484020162,0.09686147186147186
484020163,0.005031446540880503
484020164,0.30397994359135067
484020165,0.15635395874916833
484020166,0.08714716360646753
484020167,0.05627705627705628
484020168,0.0736949846468782
484020169,0.0016299918500407497
484020170,0.07159593855766727
484020171,0.00021647364433380236
484020172,0.013953488372093023
484020173,0.02913659449345095
484020174,0.1931554524361949
484020175,0.01756311745334797
484020176,0.04881521407505339
484020177,0.027421652421652423
484020178,0.08304735758407687
484020179,0.15956989247311829
484020180,0.009592326139088728
484020181,0.015418502202643172
484020182,0.14979195561719832
484020183,0.03981392364453
484020184,0.0163632173311823
484020185,0.15384615384615385
484020186,0.054437869822485205
484020187,0.05559705474335717
484020188,0.08094098883572567
484020189,0.05274195707465084
484020190,0.059375
484020191,0.09236111111111112
484020192,0.08022021234762092
484020193,0.23423423423423423
484020194,0.04490777866880513
484020195,0.0472636815920398
484020196,0.07173696446363334
484020197,0.02663395206599815
484020198,0.11971830985915492
484020199,0.11611253196930946
484020200,0.11189956331877729
484020201,0.3201519213583557
484020202,0.1984779299847793
484020203,0.22377622377622378
484020204,0.08202947845804989
484020205,0.025031820110309716
484020206,0.11457595086227262
484020207,0.24504007357771646
484020208,0.1426553672316384
484020209,0.23684210526315788
484020210,0.04390397978521794
484020211,0.034912718204488775
484020212,0.9245492371705963
484020213,0.29577464788732394
484020214,0.015748031496062992
484020215,0.14800901577761083
484020216,0.046430644225188625
484020217,0.12685337726523888
484020218,0.05914610262436349
484020219,0.0068592057761732855
484020220,0.014604150653343582
484020221,0.01895424836601307
484020222,0.16592920353982302
484020223,0.03240058910162003
484020224,0.0436607892527288
484020225,0.11407407407407408
484020226,0.03083141792819212
484020227,0.0
484020228,0.19083427922814983
484020229,0.13872255489021956
484020230,0.00760079312623926
484020231,0.05798319327731093
484020232,0.32664756446991405
484020233,0.0003971405877680699
484020234,0.18616874135546335
484020235,0.06438896189224705
484020236,0.1540983606557377
484020237,0.1213235294117647
484020238,0.0914179104477612
484020239,0.5557817589576547
484020240,0.13376383763837638
484020241,0.7300115874855156
484020242,0.12650948821161587
484020243,0.007904061052057782
484020244,0.19402985074626866
484020245,0.04838709677419355
484020246,0.0081799591002045
484020247,0.008417051316861254
484020248,0.0
484020249,0.024597116200169637
484020250,0.16440677966101694
484020251,0.1332703213610586
484020252,0.05600722673893405
484020253,0.09423604757548033
484020254,0.1601150527325024
484020255,0.0
484020256,0.04608294930875576
484020257,0.03225806451612903
484020258,0.27280163599182006
484020259,0.24384335890189746
484020260,0.1893539688122875
484020261,0.14285714285714285
484020262,0.10311059907834101
484020263,0.2381596752368065
484020264,0.027244582043343655
484020265,0.07742205482318476
484020266,0.09863945578231292
484020267,0.06043956043956044
484020268,0.03333333333333333
484020269,0.029306647605432452
484020270,0.0551617873651772
484020271,0.39703244741562044
484020272,0.054332284815556194
484020273,0.020833333333333332
484020274,0.029140430516913163
484020275,0.056179775280898875
484020276,0.13032652770861491
484020277,0.01597054922448096
484020278,0.09953949698901877
484020279,0.0695142378559464
484020280,0.03333333333333333
484020281,0.08312342569269521
484020282,0.013435700575815739
484020283,0.023801967629324024
484020284,0.04932073242764324
484020285,0.19813374805598755
484020286,0.02631578947368421
484020287,0.088379705400982
484020288,0.05263157894736842
484020289,0.2628458498023715
484020290,0.14614830813534918
484020291,0.2543227665706052
484020292,0.03356409939423909
484020293,0.0748255153384191
484020294,0.09427354472314245
484020295,0.10118406889128095
484020296,0.6562790697674419
484020297,0.04675859882707244
484020298,0.09115523465703972
484020299,0.03032122485740018
484020300,0.029850746268656716
484020301,0.06098741529525654
484020302,0.06592465753424658
484020303,0.012956419316843345
484020304,0.006103763987792472
484020305,0.13536776212832552
484020306,0.04844439659812682
484020307,0.03592814371257485
484020308,0.004645311139069002
484020309,0.057711950970377936
484020310,0.08114035087719298
484020311,0.06512948464251914
484020312,0.03717026378896882
484020313,0.17601890135853515
484020314,0.09776704888352444
484020315,0.1588785046728972
484020316,0.01721664275466284
484020317,0.06137609385517838
484020318,0.03290676416819013
484020319,0.10084033613445378
484020320,0.09761904761904762
484020321,0.0
484020322,0.012177985948477752
484020323,0.098019358941146
484020324,0.13141644152836743
484020325,0.15280581348405328
484020326,0.010664533759914684
484020327,0.08184143222506395
484020328,0.09242424242424242
484020329,0.061725508534019174
484020330,0.039503386004514675
484020331,0.012376237623762377
484020332,0.04684475416182733
484020333,0.11894984853584652
484020334,0.0249500998003992
484020335,0.4371124889282551
484020336,0.02849740932642487
484020337,0.061712846347607056
484020338,0.0624048706240487
484020339,0.03858520900321544
484020340,0.04741379310344827
484020341,0.059628543499511244
484020342,0.09188275084554678
484020343,0.07807118254879448
484020344,0.0668854114083796
484020345,0.08737864077669903
484020346,0.08215065502183407
484020347,0.15813440044156202
484020348,0.15242966751918158
484020349,0.023485364193328796
484020350,0.20205871139916126
484020351,0.19366852886405958
484020352,0.04791344667697063
484020353,0.0
484020354,0.005420054200542005
484020355,0.2010126582278481
484020356,0.0671806167400881
484020357,0.13474025974025974
484020358,0.21561338289962825
484020359,0.13325836378971043
484020360,0.15611353711790393
484020361,0.012667135819845179
484020362,0.0372199012533232
484020363,0.08807547169811321
484020364,0.06134969325153374
484020365,0.08672699849170437
484020366,0.04776579352850539
484020367,0.0943188086045229
484020368,0.08690928843020097
484020369,0.016200294550810016
484020370,0.014675052410901468
484020371,0.16118769883351008
484020372,0.013452914798206279
484020373,0.006830601092896175
484020374,0.03953057442865967
484020375,0.03954802259887006
484020376,0.17480051957691595
484020377,0.15712309820193637
484020378,0.12271805273833672
484020379,0.07211782630777044
484020380,0.1685867895545315
484020381,0.07692307692307693
484020382,0.09917355371900827
484020383,0.16595553559398157
484020384,0.03145778034742845
484020385,0.22996535151447411
484020386,0.10122591943957969
484020387,0.26942800788954635
484020388,0.175054704595186
484020389,0.03474052629304757
484020390,0.0899880810488677
484020391,0.02845163222521713
484020392,0.1808303148509334
484020393,0.06126126126126126
484020394,0.08443271767810026
484020395,0.0027675276752767526
484020396,0.06449872851968869
484020397,0.3007723761926397
484020398,0.0483230124923936
484020399,0.1980497646267653
484020400,0.03574924458441503
484020401,0.24351851851851852
484020402,0.01905459875412239
484020403,0.11375661375661375
484020404,0.2033195020746888
484020405,0.002382341501361338
484020406,0.08258154059680778
484020407,0.04375
484020408,0.030992455020313406
484020409,0.12087912087912088
484020410,0.17892156862745098
484020411,0.07769652650822668
484020412,0.04780292942743009
484020413,0.07810145655449523
484020414,0.11923786109403811
484020415,0.017857142857142856
484020416,0.03125912941863862
484020417,0.06062855728780005
484020418,0.09391304347826086
484020419,0.20416666666666666
484020420,0.04289732770745429
484020421,0.0029411764705882353
484020422,0.0
484020423,0.06763527054108216
484020424,0.028519692168401993
484020425,0.06020875763747454
484020426,0.034093315451401145
484020427,0.05254237288135593
484020428,0.12270341207349081
484020429,0.0
484020430,0.04971751412429379
484020431,0.14049586776859505
484020432,0.16365159128978224
484020433,0.0051635111876075735
484020434,0.03281027104136947
484020435,0.03363636363636364
484020436,0.05651837951208743
484020437,0.03134240094618569
484020438,0.13484640466792516
484020439,0.17522321428571427
484020440,0.020971595434032386
484020441,0.096045197740113
484020442,0.07589285714285714
484020443,0.09327548806941431
484020444,0.11753958587088915
484020445,0.34294770206022185
484020446,0.22128487994808566
484020447,0.09955201592832255
484020448,0.08703427719821162
484020449,0.08418388176696334
484020450,0.023786869647954328
484020451,0.10582266247885963
484020452,0.026847353618000513
484020453,0.01838351822503962
484020454,0.11004784688995216
484020455,0.07921381774865992
484020456,0.07928087238432066
484020457,0.13542600896860987
484020458,0.05787139689578714
484020459,0.10349935197185707
484020460,0.06351791530944625
484020461,0.00904977375565611
484020462,0.04411764705882353
484020463,0.02806122448979592
484020464,0.0638905213668038
484020465,0.06402317786740896
484020466,0.12841214917339486
484020467,0.05664950015146925
484020468,0.017669172932330827
484020469,0.04435483870967742
484020470,0.0056568196103079825
484020471,0.03084648493543759
484020472,0.0647239263803681
484020473,0.2526662788442893
484020474,0.022443890274314215
484020475,0.13706293706293707
484020476,0.035620743844945
484020477,0.0
484020478,0.03205791106514995
484020479,0.04069175991861648
484020480,0.07547283823796
484020481,0.021838770558101916
484020482,0.16088931388955297
484020483,0.049158693500494885
484020484,0.013008130081300813
484020485,0.004119464469618949
484020486,0.0
484020487,0.11710074702200686
484020488,0.003250975292587776
484020489,0.08357348703170028
484020490,0.02149532710280374
484020491,0.032667876588021776
484020492,0.06129955046996322
484020493,0.024965325936199722
484020494,0.017527675276752766
484020495,0.5325875486381323
484020496,0.04642971501761127
484020497,0.023373983739837397
484020498,0.09301187125198875
484020499,0.1351931330472103
484020500,0.0034940600978336828
484020501,0.049315068493150684
484020502,0.2778450363196126
484020503,0.010582010582010581
484020504,0.19897304236200256
484020505,0.09925558312655088
484020506,0.015121630506245891
484020507,0.2970512942068835
484020508,0.08551881413911061
484020509,0.006648199445983379
484020510,0.18072289156626506
484020511,0.047653958944281524
484020512,0.07221664994984955
484020513,0.030865782799910115
484020514,0.18704878582367096
484020515,0.07345922390537456
484020516,0.0392156862745098
484020517,0.1590909090909091
484020518,0.2731714765613071
484020519,0.04727272727272727
484020520,0.021434460016488046
484020521,0.02367601246105919
484020522,0.17886178861788618
484020523,0.0021314387211367673
484020524,0.02156238953693885
484020525,0.20615128844555278
484020526,0.022865853658536585
484020527,0.08464042616158626
484020528,0.0771884432945235
484020529,0.11432777232580962
484020530,0.04693971468016567
484020531,0.3261802575107296
484020532,0.35292131036811886
484020533,0.016227180527383367
484020534,0.1782419967444384
484020535,0.12624113475177304
484020536,0.021643286573146292
484020537,0.0487411233053583
484020538,0.04686584651435267
484020539,0.1353887399463807
484020540,0.1104117964394893
484020541,0.3599274705349048
484020542,0.06779661016949153
484020543,0.05374077976817703
484020544,0.03695150115473441
484020545,0.2942147244888604
484020546,0.062449637389202256
484020547,0.08156820038115982
484020548,0.0
484020549,0.08280179541696196
484020550,0.04625313732520617
484020551,0.06628787878787878
484020552,0.07228915662650602
484020553,0.0015304560759106215
484020554,0.05736636245110821
484020555,0.1006811689738519
484020556,0.1920219638242894
484020557,0.12709653373089824
484020558,0.012371134020618556
484020559,0.09486780715396578
484020560,0.008520526723470178
484020561,0.06247675715879509
484020562,0.03167271527548664
484020563,0.21612074502247913
484020564,0.21590130226182316
484020565,0.04401408450704225
484020566,0.09896419058893163
484021001,0.07942208931937854
484021002,0.05437698122409169
484021003,0.11865403847285134
484021004,0.051131439576311985
484021005,0.17841027421034364
484021006,0.03431865406528588
484021007,0.13063992922441758
484021008,0.017294181228607458
484021009,0.07182044887780549
484021010,0.1226860135992452
484021011,0.12320092112838227
484021012,0.07014492753623189
484021013,0.06829524560021014
484021014,0.11184377377631245
484021015,0.021169415292353822
484021016,0.061915244909190974
484021017,0.027297099683158663
484021018,0.0648619673009917
484021019,0.10781306815487013
484021020,0.02202036884117809
484021021,0.1775244299674267
484021022,0.23261892315734448
484021023,0.09187045604758758
484021024,0.09753363228699552
484021025,0.06057399814839307
484021026,0.1013633669235329
484021027,0.0778851620238772
484021028,0.006462035541195477
484021029,0.006071805702217529
484021030,0.21240105540897097
484021031,0.04154002026342452
484021032,0.10031847133757962
484021033,0.12949337817952492
484021034,0.06494623655913978
484021035,0.05138670338316286
484021036,0.031039614485153428
484021037,0.05304010349288486
484021038,0.0056933712891419274
484021039,0.04173236623567749
484021040,0.03520860864640363
484021041,0.03410191082802548
484021042,0.06945358788676761
484021043,0.011579526692350028
484021044,0.11198589154122315
484021045,0.06923024039232761
484021046,0.08453981385729059
484021047,0.10923618777269621
484021048,0.08346709470304976
484021049,0.047248613147994646
484021050,0.02413779323022819
484021051,0.19272233301540506
484021052,0.0008216926869350862
484021053,0.07187570445126498
484021054,0.014815571676714009
484021055,0.18467852257181944
484021056,0.1483924154987634
484021057,0.20062111801242236
484021058,0.04386308068459658
484021059,0.06921824104234528
484021060,0.06448227611940298
484021061,0.02767395626242545
484021062,0.1695690030474532
484021063,0.06647116324535679
484021064,0.010783055198973043
484021065,0.023810742997593323
484021066,0.10343153123988345
484021067,0.027395709514914813
484021068,0.038741721854304634
484021069,0.2263650546021841
484021070,0.031323414252153486
484021071,0.040170896175425956
484021072,0.002746375423133423
484021073,0.1313563858259287
484021074,0.08798333672654378
484021075,0.014408261847255768
484021076,0.1295195641406637
484021077,0.009766306243460064
484021078,0.003658011763018218
484021079,0.0526117292098812
484021080,0.0038869257950530037
484021081,0.10177353342428376
484021082,0.0903217633645807
484021083,0.10155772755039706
484021084,0.0008515469770082316
484021085,0.10894274675096594
484021086,0.05266362252663623
484021087,0.1588453226304415
484021088,0.01936887921653972
484021089,0.09733174034249303
484021090,0.09820556326803434
484021091,0.01435562805872757
484021092,0.08105214864658204
484021093,0.02480752780153978
484021094,0.07932825824157873
484021095,0.0
484021096,0.05013292821876187
484021097,0.055807622504537205
484021098,0.0848312835067802
484021099,0.10773691439035556
484021100,0.011982197877439232
484021101,0.04613674263479711
484021102,0.08627354223209145
484021103,0.03650057937427578
484021104,0.022976194589365305
484021105,0.091324200913242
484021106,0.09197924980047885
484021107,0.0015599103051574534
484021108,0.005468555804126274
484021109,0.11672683513838748
484021110,0.07810215535537424
484021111,0.023989312267657992
484021112,0.1886023040065246
484021113,0.15789473684210525
484021114,0.04079045410592717
484021115,0.04982257209283354
484021116,0.028592851787053238
484021117,0.02483542788749252
484021118,0.04665499657508182
484021119,0.03452438435538387
484021120,0.08817161975988978
484021121,0.16474756421612047
484021122,0.1326854422848076
484021123,0.03228155339805825
484021124,0.0780209324452902
484021125,0.036143055731075444
484021126,0.07777971115364538
484021127,0.08911419423692636
484021128,0.017219549252975436
484021129,0.19799063302613687
484021130,0.050425095279976545
484021131,0.016055045871559634
484021132,0.03974648647880519
484021133,0.24691358024691357
484021134,0.07033447952485151
484021135,0.020477815699658702
484021136,0.040800689589119817
484021137,0.023863924854023864
484021138,0.06624521413943549
484021139,0.1405099150141643
484021140,0.06656829260204927
484021141,0.13604030823947835
484021142,0.0462158464894443
484021143,0.08109851313734809
484021144,0.0029292107404393815
484021145,0.005594927265945543
484021146,0.01853997682502897
484021147,0.13197805743788318
484021148,0.09642207398423287
484021149,0.05396918849965656
484021150,0.06066822977725674
484021151,0.09314254859611232
484021152,0.1115736885928393
484021153,0.053868194842406875
484021154,0.04210911753936287
484021155,0.08
484021156,0.06164852119236144
484021157,0.08188184593284252
484021158,0.0799830723656369
484021159,0.25886170743884174
484021160,0.07635309278350516
484021161,0.1384020755016678
484021162,0.03206034889203206
484021163,0.06150506512301013
484021164,0.05549613784907902
484021165,0.1936897458369851
484021166,0.21598414795244386
484021167,0.06678281068524972
484021168,0.1056563500533618
484021169,0.1193615544760583
484021170,0.018402438323077808
484021171,0.07043090638930163
484021172,0.03884736047097099
484021173,0.05994380268498283
484021174,0.04778077448140379
484021175,0.15174632352941175
484021176,0.11898764543600816
484021177,0.08557287192702581
484021178,0.04629417163836622
484021179,0.04995681464847124
484021180,0.07585606658144532
484021181,0.03241663345290288
484021182,0.02816318078277076
484021183,0.05564511935098029
484021184,0.08267090620031796
484021185,0.17142537229873475
484021186,0.09644300572720134
484021187,0.027792074112197633
484021188,0.11281038374717833
484021189,0.13401904373949794
484021190,0.006944444444444444
484021191,0.173327811141023
484021192,0.01750380517503805
484021193,0.10166358595194085
484021194,0.02773463501220324
484021195,0.1694525442523307
484021196,0.14224402207234826
484021197,0.030441872060587277
484021198,0.10180623973727422
484021199,0.08877476155539252
484021200,0.018409613909486065
484021201,0.2392220421393841
484021202,0.021930567315834038
484021203,0.07612754955472566
484021204,0.03317666574509262
484021205,0.10445493738452064
484021206,0.1824886985486557
484021207,0.07479154054951279
484021208,0.07897735458605651
484021209,0.11656111036248484
484021210,0.00321285140562249
484021211,0.04130232558139535
484021212,0.04818973765043557
484021213,0.10812117305833065
484021214,0.08983587676360495
484021215,0.04066101326375299
484021216,0.006820765441455097
484021217,0.030502684236212788
484022001,0.12344506546683066
484022002,0.24480344249143024
484022003,0.2287591458862177
484022004,0.15804496817425548
484022005,0.02192237101488682
484022006,0.038996370299890754
484022007,0.13203960396039605
484022008,0.4485910343663873
484022009,0.2155525238744884
484022010,0.4413991520290733
484022011,0.05281322530824252
484022012,0.04208203695472729
484022013,0.1918038293584145
484022014,0.044772362071491996
484022015,0.33318719859710655
484022016,0.04621342228680891
484022017,0.05907689373470231
484022018,0.06950566463881097
484023001,0.015102862101501722
484024001,0.13694768229872595
484024002,0.16725476358503882
484024003,0.06434712803937723
484024004,0.08253588516746412
484024005,0.12314624686287931
484024006,0.03326551373346897
484024007,0.10174451322453573
484024008,0.15180476941634963
484024009,0.03092006033182504
484024010,0.11677355983128214
484024011,0.1389445096549978
484024012,0.008383291904274504
484024013,0.020812994495786493
484024014,0.010066900286715514
484024015,0.027587779297765617
484024016,0.053789269814120785
484024017,0.11794194225313799
484024018,0.015642531846082768
484024019,0.2151208106001559
484024020,0.06991685150180829
484024021,0.08434781035761446
484024022,0.16050310683503707
484024023,0.16780551905387647
484024024,0.1585669301741792
484024025,0.21453333782100906
484024026,0.006729649281739356
484024027,0.18152092675635276
484024028,0.0392055220582217
484024029,0.017887996747636956
484024030,0.1934412619344126
484024031,0.12597413719277212
484024032,0.16742504676677283
484024033,0.09592169657422513
484024034,0.018666107382550336
484024035,0.029272338972108892
484024036,0.12217673630717109
484024037,0.021240574984716192
484024038,0.002097535395909806
484024039,0.01738557787290089
484024040,0.01007866273352999
484024041,0.024584439167481494
484024042,0.14814814814814814
484024043,0.11150234741784038
484024044,0.12246678298215005
484024045,0.06041226871973178
484024046,0.12059404079330764
484024047,0.08832391713747646
484024048,0.1312142572150552
484024049,0.042609141830931715
484024050,0.07939261053113852
484024051,0.16700278498031307
484024052,0.009477506308080497
484024053,0.05306409064166556
484024054,0.06870198302562246
484025001,0.025977622687493075
484025003,0.04591421975091861
484025006,0.023241961326329413
484025007,0.053699905091387806
484025010,0.03038702391951545
484025011,0.03063776135607467
484025012,0.016252368130129036
484025013,0.02909326652953747
484025015,0.03188496405126602
484025016,0.06785394036390052
484026002,0.032891725575954836
484026003,0.009036512394675785
484026004,0.014250309789343246
484026007,0.08
484026017,0.019563181737655963
484026018,0.022573246522639836
484026019,0.04419421237437946
484026020,0.008854612967723507
484026021,0.0
484026027,0.03417074728550138
484026029,0.023822799546582517
484026030,0.028595470289884954
484026033,0.0049785472148906095
484026035,0.03247863247863248
484026036,0.019325380237306667
484026038,0.03046901745977405
484026042,0.018257621154361046
484026046,0.056433408577878104
484026047,0.011300121506682867
484026048,0.017150215062601025
484026049,0.005092869982025165
484026051,0.006669282071400549
484026052,0.02591719959609559
484026055,0.05560594036957261
484026057,0.017489069331667707
484026060,0.02391629297458894
484026064,0.047285464098073555
484026065,0.004610951008645533
484026066,0.03443276549474447
484026069,0.008935694909845221
484027001,0.04349910338582817
484027002,0.013995121262826845
484027003,0.004430738000897859
484027004,0.00869686489772957
484027005,0.015587109290350542
484027006,0.01091886577010911
484027007,0.00851223847942021
484027008,0.026475105664988733
484027009,0.00962331591971405
484027010,0.014769577789242564
484027011,0.0026434047052603755
484027012,0.00511106742677413
484027013,0.013884297520661157
484027014,0.011737658706778035
484027015,0.017264276228419653
484027016,0.0062729948491537894
484027017,0.016571322499535936
484028001,0.043593788923025824
484028002,0.030484627410109433
484028003,0.021681777207232293
484028004,0.09208231600976631
484028005,0.07423580786026202
484028006,0.07490855888807608
484028007,0.0524743094526638
484028008,0.012460353420933394
484028009,0.021354341608395166
484028010,0.04018311291963377
484028011,0.07348847567086071
484028012,0.1028308159969602
484028013,0.00858166092303534
484028014,0.028526855359928684
484028015,0.021333826153935392
484028016,0.02561157200595618
484028017,0.04271356783919598
484028018,0.035075412136092596
484028019,0.02688750268875027
484028020,0.025979061651803026
484028021,0.06743140598356843
484028022,0.018759137108398657
484028023,0.027153349655018918
484028024,0.008817427385892116
484028025,0.020517187983895943
484028026,0.03717472118959108
484028027,0.022066358541074117
484028028,0.11598932067635716
484028029,0.087144579167553
484028030,0.009699463590271145
484028031,0.10680157391793142
484028032,0.02551077999774241
484028033,0.024191131094066825
484028034,0.007804878048780488
484028035,0.027220045706823376
484028036,0.018060608921724997
484028037,0.0764302233006028
484028038,0.038359108536186515
484028039,0.03251508197645114
484028040,0.022233712512926575
484028041,0.030528856332303
484029001,0.03544186046511628
484029002,0.035861561119293076
484029003,0.12694512694512694
484029004,0.04345383030530062
484029005,0.05676317412008553
484029006,0.0698718507540755
484029007,0.025695397280778347
484029008,0.02084852019244788
484029009,0.0148397309062129
484029010,0.06269375926674754
484029011,0.11530349191469416
484029012,0.0723717623158964
484029013,0.02103516378212245
484029014,0.12568428946381702
484029015,0.048147709788140605
484029016,0.021661817006142902
484029017,0.04370202372644801
484029018,0.038345077397628546
484029019,0.031088664421997755
484029020,0.08972590415642057
484029021,0.0781563126252505
484029022,0.08037969838475083
484029023,0.041111671106631144
484029024,0.05243148395721925
484029025,0.03174468446292917
484029026,0.022096131812973974
484029027,0.17615787354007248
484029028,0.08166604338070306
484029029,0.12573113097187777
484029030,0.0688497951109227
484029031,0.049260841805412306
484029032,0.024466266715822638
484029033,0.0461063533160725
484029034,0.0844994617868676
484029035,0.0569238926109799
484029036,0.017898235745333675
484029037,0.04424007744433688
484029038,0.03674403088214269
484029039,0.09274563820018365
484029040,0.05321657123610643
484029041,0.06279382135661518
484029042,0.044329406164465075
484029043,0.0587482022892492
484030001,0.006607929515418502
484030002,0.02215705441511893
484030003,0.011649454116258484
484030004,0.07264851485148514
484030005,0.030350194552529183
484030006,0.03956761166632674
484030007,0.04957874270900842
484030008,0.1026672798344447
484030009,0.05657195233730523
484030010,0.10986379284538243
484030011,0.03444063522086929
484030012,0.017714356009349244
484030013,0.0005305441867515538
484030014,0.07384996719399285
484030015,0.013886437187408061
484030016,0.01183723797780518
484030017,0.04037886340977069
484030018,0.10962715637173066
484030019,0.25954962468723936
484030020,0.05751221498371335
484030021,0.055151774262505344
484030022,0.041317211216876766
484030023,0.11766669448385213
484030024,0.08823938761308281
484030025,0.01673193307226771
484030026,0.02952144188937228
484030027,0.020634831143936404
484030028,0.03477520263881571
484030029,0.10200850070839236
484030030,0.050001152100278806
484030031,0.08494511238891793
484030032,0.03338174273858921
484030033,0.03164963004148668
484030034,0.002761639267383998
484030035,0.02126086152708449
484030036,0.039186359557283876
484030037,0.039785069166571395
484030038,0.030358015213901877
484030039,0.016624562209335707
484030040,0.003865795845286781
484030041,0.04390471742176553
484030042,0.07940536620739666
484030043,0.13063955044153064
484030044,0.0299653950981493
484030045,0.04663807261189151
484030046,0.08654970760233918
484030047,0.10157462432340361
484030048,0.021531729407474623
484030049,0.015936052135838298
484030050,0.020518286589834123
484030051,0.0757238307349666
484030052,0.10724990633195954
484030053,0.09535335899369073
484030054,0.03605083426990577
484030055,0.004776941138369363
484030056,0.0020174848688634837
484030057,0.10981269683407924
484030058,0.006212311672223133
484030059,0.03166261577875583
484030060,0.0010668089078543807
484030061,0.04448782892389915
484030062,0.0490577955574271
484030063,0.010332796564680623
484030064,0.009256878374903575
484030065,0.02319249282831721
484030066,0.05154922931739541
484030067,0.00255863539445629
484030068,0.04500679055854493
484030069,0.03415952370898957
484030070,0.10446290823249503
484030071,0.14887640449438203
484030072,0.026558189554402208
484030073,0.04289617486338798
484030074,0.019502868068833654
484030075,0.05721448057214481
484030076,0.035920889238876944
484030077,0.018705723155297303
484030078,0.007429829389102917
484030079,0.13096800470652126
484030080,0.03943793911007026
484030081,0.006537626374652689
484030082,0.013099925923037934
484030083,0.024251069900142655
484030084,0.061853133410226836
484030085,0.014084842707340324
484030086,0.02299332931168638
484030087,0.0519742883379247
484030088,0.030622888933041922
484030089,0.013543118900617407
484030090,0.010960290026136077
484030091,0.043166823751178134
484030092,0.05643098989956712
484030093,0.10099881719016954
484030094,0.026571613739468567
484030095,0.04129880321757897
484030096,0.0
484030097,0.07577639751552795
484030098,0.010718625238673842
484030099,0.08729098931723177
484030100,0.056458320497812825
484030101,0.00652265988987717
484030102,0.02718015584738133
484030103,0.010376435876609922
484030104,0.041092797471212465
484030105,0.008974801518812565
484030106,0.03190029362951615
484030107,0.017776060284030528
484030108,0.061111442015605456
484030109,0.046818844099077224
484030110,0.0222667557336896
484030111,0.03310980720871752
484030112,0.06003257146066154
484030113,0.02364255660188339
484030114,0.058580894291105357
484030115,0.02009249056729774
484030116,0.05579053373615307
484030117,0.012098167991704113
484030118,0.0013982458370408034
484030119,0.015425725737884125
484030120,0.06028420138170686
484030121,0.030447001298030272
484030122,0.06507190170573497
484030123,0.030754808273859926
484030124,0.12986286034144975
484030125,0.017865868556071342
484030126,0.005919962112242482
484030127,0.09615877080665813
484030128,0.022309819622734966
484030129,0.011200459506031017
484030130,0.012890617996665292
484030131,0.07166927713702596
484030132,0.01494124797406807
484030133,0.014479638009049774
484030134,0.02890067678800073
484030135,0.020690183657309253
484030136,0.01838235294117647
484030137,0.004419889502762431
484030138,0.03903129002045224
484030139,0.05887059492905658
484030140,0.022278268179907523
484030141,0.021597026403486284
484030142,0.05111364934323244
484030143,0.0312953173972026
484030144,0.027479698375870068
484030145,0.009488339097277644
484030146,0.018105316843044752
484030147,0.012170385395537525
484030148,0.0068143100511073255
484030149,0.0038261401897765534
484030150,0.0011917542425466114
484030151,0.018803724928366763
484030152,0.033402489626556016
484030153,0.054143510951291274
484030154,0.04077545803152961
484030155,0.03926123600898497
484030156,0.03358636493841306
484030157,0.18294243070362473
484030158,0.15244487056567593
484030159,0.035894874836132094
484030160,0.054962013295346626
484030161,0.06407035175879397
484030162,0.008206811653672548
484030163,0.1597816881528183
484030164,0.2300380228136882
484030165,0.014780279734153358
484030166,0.05549102428722281
484030167,0.06560949298813376
484030168,0.012647875963434307
484030169,0.04590525156077855
484030170,0.017246099096632904
484030171,0.03674182039019206
484030172,0.11929382093316519
484030173,0.14863602391629296
484030174,0.021549040309699775
484030175,0.02718323277230867
484030176,0.080967116672901
484030177,0.2841514726507714
484030178,0.009223201475712236
484030179,0.054857142857142854
484030180,0.057283429977156915
484030181,0.09983247502636967
484030182,0.009382285621151244
484030183,0.04875804967801288
484030184,0.0438871473354232
484030185,0.04148612978734001
484030186,0.014446434527866809
484030187,0.01928590044305447
484030188,0.057331009103234555
484030189,0.07735827271677635
484030190,0.11509869264291207
484030191,0.11729988933972704
484030192,0.004290694556181282
484030193,0.1446923597025017
484030194,0.047416281755196306
484030195,0.010320678215997052
484031001,0.0018045112781954887
484031002,0.0012565971349585323
484031003,0.0503125
484031004,0.00033422459893048126
484031005,0.0039447731755424065
484031006,0.0737118320610687
484031007,0.0
484031008,0.0034254954734524103
484031009,0.048552418629742855
484031010,0.006661115736885929
484031011,0.007493188010899182
484031012,0.09267359212684527
484031013,0.006629101756711966
484031014,0.0
484031015,0.0010078613182826044
484031016,0.03662873399715505
484031017,0.0013455931823278763
484031018,0.06558463067240808
484031019,0.0
484031020,0.0026921194322075378
484031021,0.0
484031022,0.000964785335262904
484031023,0.0
484031024,0.10353615801210576
484031025,0.08611955420466058
484031026,0.00749063670411985
484031027,0.007816200852676456
484031028,0.0016260162601626016
484031029,0.0044943820224719105
484031030,0.0
484031031,0.021715526601520086
484031032,0.0
484031033,0.0015354244351831541
484031034,0.0
484031035,0.012269938650306749
484031036,0.0016139444803098773
484031037,0.011577424023154847
484031038,0.02002612102742708
484031039,0.0
484031040,0.0073295328348263866
484031041,0.01000357726901063
484031042,0.01825752722613709
484031043,0.005809731299927378
484031044,0.013923494064194636
484031045,0.0
484031046,0.1922141119221411
484031047,0.05829596412556054
484031048,0.0015084378240784388
484031049,0.026097635861221984
484031050,0.01235344574150315
484031051,0.005564648117839607
484031052,0.010332850940665703
484031053,0.10043397396156231
484031054,0.006941907197661673
484031055,0.002723867892407218
484031056,0.1762788446022269
484031057,0.0006386715631486508
484031058,0.0472214564215667
484031059,0.010222032925316198
484031060,0.0
484031061,0.00955223880597015
484031062,0.005239030779305829
484031063,0.0022008803521408565
484031064,0.0
484031065,0.0
484031066,0.16132422490803994
484031067,0.0
484031068,0.003869719445340213
484031069,0.010872378980067305
484031070,0.015601023017902813
484031071,0.0
484031072,0.0021645021645021645
484031073,0.030609948233175782
484031074,0.0027808676307007787
484031075,0.027995183624322698
484031076,0.0
484031077,0.0
484031078,0.0024509803921568627
484031079,0.04878048780487805
484031080,0.04722163532643144
484031081,0.0
484031082,0.00968385075477072
484031083,0.006497341996455995
484031084,0.006318207926479035
484031085,0.007225734732161467
484031086,0.003167420814479638
484031087,0.10430358278566886
484031088,0.0
484031089,0.04415987582460225
484031090,0.007328072153325817
484031091,0.0
484031092,0.0
484031093,0.0014190267841305505
484031094,0.02488401518346689
484031095,0.0
484031096,0.0017488011148607107
484031097,0.03185635679119606
484031098,0.011976047904191617
484031099,0.0
484031100,0.0040650406504065045
484031101,0.007925869805932746
484031102,0.0011870688631837186
484031103,0.0012380068090374497
484031104,0.002313678749211246
484031105,0.0028040658955485456
484031106,0.005157055789967183
484032001,0.20647098065376918
484032002,0.1843160850381067
484032003,0.10052710843373494
484032004,0.15303876756390722
484032005,0.04583512967711193
484032006,0.062444046553267685
484032007,0.017810571846574644
484032008,0.03617248752672844
484032009,0.13688248502994013
484032010,0.0657067063718307
484032011,0.23501841312353533
484032012,0.07165923419960019
484032013,0.18327188735397326
484032014,0.08333333333333333
484032015,0.13262392940565793
484032016,0.04499226615749843
484032017,0.16558441558441558
484032018,0.0765642386373363
484032019,0.10741537859518685
484032020,0.07887817703768624
484032021,0.12811093764349343
484032022,0.18058690744920994
484032023,0.0727509778357236
484032024,0.03739574926015604
484032025,0.02408984862459986
484032026,0.030850263355906696
484032027,0.1868941450174486
484032028,0.12858137915022058
484032029,0.175249500998004
484032030,0.12021723031350284
484032031,0.06113225499524263
484032032,0.13342025206431987
484032033,0.19396612067758645
484032034,0.0719428777151086
484032035,0.08516036381043561
484032036,0.04417577307602883
484032037,0.1456086395782253
484032038,0.1466672931153292
484032039,0.20341189048482314
484032040,0.1038005787355114
484032041,0.1662938105891126
484032042,0.12173140390962173
484032043,0.20973630831643003
484032044,0.1089334548769371
484032045,0.10644800596347373
484032046,0.17029761904761906
484032047,0.11391257028840922
484032048,0.08022727272727273
484032049,0.13303022198448783
484032050,0.15766923736075408
484032051,0.17294751009421266
484032052,0.101238164603059
484032053,0.015305827627054982
